{
    "aeon": "Aeon",
    "aergo": "AeriumX",
    "aeriumx": "AeriumX",
    "aeternity": "CuckooCycle",
    "aion": "Equihash21x9",
    "allium": "Allium",
    "anime": "Anime",
    "animecoin": "Anime",
    "arctichash": "ArcticHash",
    "argon2ad": "Argon2AD",
    "argon2chukwa": "Argon2Chukwa",
    "argon2chukwa2": "Argon2ChukwaV2",
    "argon2chukwav2": "Argon2ChukwaV2",
    "argon2coin":  "Argon2",
    "argon2crds":  "Argon2d250",
    "argon2d":  "Argon2d500",
    "argon2d250":  "Argon2d250",
    "argon2d4096":  "Argon2d4096",
    "argon2d500":  "Argon2dDyn",
    "argon2dchukwa": "Argon2Chukwa",
    "argon2dchukwa2": "Argon2ChukwaV2",
    "argon2dcrds":  "Argon2d250",
    "argon2dd250":  "Argon2d250",
    "argon2ddyn":  "Argon2dDyn",
    "argon2dglt":  "Argon2dGLT",
    "argon2dnim":  "Argon2dNim",
    "argon2duis":  "Argon2d4096",
    "argon2dyn":  "Argon2dDyn",
    "argon2dynamic":  "Argon2dDyn",
    "argon2idchukwa": "Argon2Chukwa",
    "argon2idchukwa2": "Argon2ChukwaV2",
    "argon2idchukwav2": "Argon2ChukwaV2",
    "argon2iglt":  "Argon2iGLT",
    "argon2m": "Argon2M",
    "argon2uis":  "Argon2d4096",
    "argon2wrkz": "Argon2Wrkz",
    "astralhash": "GLTAstralHash",
    "astrobwt": "AstroBWT",
    "autolykos": "Autolykos2",
    "autolykos2": "Autolykos2",
    "autolykosv2": "Autolykos2",
    "axiom": "Axiom",
    "balloon": "Balloon",
    "balloonzentoshi": "BalloonZenX",
    "balloonzenx": "BalloonZenX",
    "bastion": "Bastion",
    "bbr": "Wildkeccak",
    "bcd": "Bcd",
    "beam": "BeamHash3",
    "beamhash": "BeamHash3",
    "beamhash1": "EquihashR25x5",
    "beamhash2": "EquihashR25x5x3",
    "beamhash3": "BeamHash3",
    "beamhashi": "EquihashR25x5",
    "beamhashii": "EquihashR25x5x3",
    "beamhashiii": "BeamHash3",
    "beamhashv1": "EquihashR25x5",
    "beamhashv2": "EquihashR25x5x3",
    "beamhashv3": "BeamHash3",
    "beam1": "EquihashR25x5",
    "beam2": "EquihashR25x5x3",
    "beam3": "BeamHash3",
    "beami": "EquihashR25x5",
    "beamii": "EquihashR25x5x3",
    "beamiii": "BeamHash3",
    "beamv1": "EquihashR25x5",
    "beamv2": "EquihashR25x5x3",
    "beamv3": "BeamHash3",
    "bfc": "Cuckaroo29bfc",
    "binarium": "Binarium",
    "binariumv1": "Binarium",
    "binariumhashv1": "Binarium",
    "bitcash": "X16r",
    "bitcoin": "SHA256",
    "bitcore": "Bitcore",
    "bl2bsha3": "Blake2bSHA3",
    "blake": "Blakecoin",
    "blake14r": "Decred",
    "blake256": "Blakecoin",
    "blake256r14": "DecredNicehash",
    "blake256r8": "Blake256R8",
    "blake256r8vnl": "BlakeVanilla",
    "blake2b": "Blake2b",
    "blake2bbtcc": "Blake2b",
    "blake2bglt": "Blake2b",
    "blake2bsha3": "Blake2bSHA3",
    "blake2s": "Blake2s",
    "blakecoin": "Blakecoin",
    "blakevanilla": "BlakeVanilla",
    "bmw": "BMW",
    "bmw256": "BMW",
    "bmw512": "BMW512",
    "bytom": "Tensority",
    "c11": "C11",
    "c24": "Cuckaroo24",
    "c29": "Cuckaroom29",
    "c29b": "Cuckaroo29b",
    "c29d": "Cuckarood29",
    "c29i": "Cuckaroo29i",
    "c29m": "Cuckaroom29",
    "c29s": "Cuckaroo29s",
    "c29v": "Cuckarood29v",
    "c29z": "Cuckarooz29",
    "c30": "Cuckaroo30",
    "c31": "Cuckatoo31",
    "chaincoin": "C11",
    "chukwa": "Argon2Chukwa",
    "chukwa2": "Argon2ChukwaV2",
    "chukwav2": "Argon2ChukwaV2",
    "chukwawrkz": "Argon2Wrkz",
    "circcash": "CircCash",
    "cn": "CryptoNightV8",
    "cn0": "CryptoNight",
    "cn1": "CryptoNightV7",
    "cn2": "CryptoNightV8",
    "cnalloy": "CryptoNightXao",
    "cnarto": "CryptoNightRto",
    "cnb2n": "CryptoNightMkt",
    "cncache": "CryptoNightCache",
    "cnccx": "CryptoNightConceal",
    "cnconceal": "CryptoNightConceal",
    "cndark": "CryptoNightLiteDark",
    "cndouble": "CryptoNightHeavyX",
    "cnextremelite": "CryptoNightLiteUpx2",
    "cnfast": "CryptoNightFast",
    "cnfast2": "CryptoNightFast2",
    "cnfastv2": "CryptoNightFast2",
    "cnfest": "CryptoNightFest",
    "cnfaven": "CryptoNightSuperFast",
    "cnfreehaven": "CryptoNightSuperFast",
    "cngpu": "CryptoNightGPU",
    "cnhalf": "CryptoNightFast2",
    "cnhaven": "CryptoNightHeavyXhv",
    "cnheavy": "CryptoNightHeavy",
    "cnheavy0": "CryptoNightHeavy",
    "cnheavytube": "CryptoNightHeavySaber",
    "cnheavyx": "CryptoNightHeavyX",
    "cnheavyxhv": "CryptoNightHeavyXhv",
    "cnhospital": "CryptoNightHospital",
    "cnhycon": "CryptoNightHycon",
    "cnlite0": "CryptoNightLite",
    "cnlite1": "CryptoNightLiteV7",
    "cnlite2": "CryptoNightLiteV8",
    "cnlitev7": "CryptoNightLiteV7",
    "cnlitev8": "CryptoNightLiteV8",
    "cnlitedark": "CryptoNightLiteDark",
    "cnlitered": "CryptoNightLiteRed",
    "cnliteturtle": "CryptoNightTurtle",
    "cnliteupx": "CryptoNightLiteUpx2",
    "cnliteupx2": "CryptoNightLiteUpx2",
    "cnloki": "RandomXL",
    "cnmkt": "CryptoNightMkt",
    "cnmsr": "CryptoNightFast2",
    "cnpico": "CryptoNightTurtle",
    "cnpicotlo": "CryptoNightUltraV2",
    "cnr": "CryptoNightR",
    "cnreversewaltz": "CryptoNightReverseWaltz",
    "cnrto": "CryptoNightRto",
    "cnrwz": "CryptoNightReverseWaltz",
    "cnryo": "CryptoNightGPU",
    "cnsaber": "CryptoNightHeavySaber",
    "cnsuperfast": "CryptoNightSuperFast",
    "cnswap": "CryptoNightSuperFast",
    "cnturtle": "CryptoNightTurtle",
    "cnturtlev2": "CryptoNightTurtle",
    "cnultrav2": "CryptoNightUltraV2",
    "cnupx": "CryptoNightLiteUpx2",
    "cnupx2": "CryptoNightLiteUpx2",
    "cnv7": "CryptoNightV7",
    "cnv8": "CryptoNightV8",
    "cnv8dbl": "CryptoNightHeavyX",
    "cnv8half": "CryptoNightFast2",
    "cnv8rwz": "CryptoNightReverseWaltz",
    "cnv8trtl": "CryptoNightTurtle",
    "cnv8upx2": "CryptoNightLiteUpx2",
    "cnwebchain": "CryptoNightWebchain",
    "cnwow": "RandomWow",
    "cnxao": "CryptoNightXao",
    "cnxaven": "CryptoNightSuperFast",
    "cnxfh": "CryptoNightSuperFast",
    "cnxmr": "RandomX",
    "cnxtl": "CryptoNightXtl",
    "cnxtlv8": "CryptoNightFast2",
    "cnxwp": "CryptoNightSuperFast",
    "cnzls": "CryptonightZelerius",
    "conflux": "Octopus",
    "cortex": "Cuckaroo30",
    "cosa": "Cosa",
    "cpupower": "CpuPower",
    "creativecoin": "KeccakC",
    "credits": "Argon2d250",
    "cryptohello": "CryptoHello",
    "cryptolight": "CryptoNightLite",
    "cryptonight": "CryptoNight",
    "cryptonight0": "CryptoNight",
    "cryptonight1": "CryptoNightV7",
    "cryptonight2": "CryptoNightV8",
    "cryptonightalloy": "CryptoNightXao",
    "cryptonightarq": "CryptoNightLiteV7",
    "cryptonightarto": "CryptoNightRto",
    "cryptonightartocash": "CryptoNightRto",
    "cryptonightb2b": "CryptoNight",
    "cryptonightb2n": "CryptoNightMkt",
    "cryptonightbbc": "CryptoNightBBC",
    "cryptonightbbs": "CryptoNightLiteV7",
    "cryptonightbittube2": "CryptoNightHeavySaber",
    "cryptonightbittubev2": "CryptoNightHeavySaber",
    "cryptonightbtcn": "CryptoNightLiteV7",
    "cryptonightcache": "CryptoNightCache",
    "cryptonightcatalans": "CryptoNightCAT",
    "cryptonightciti": "CryptoNightHeavy",
    "cryptonightconceal": "CryptoNightConceal",
    "cryptonightdark": "CryptoNightLiteDark",
    "cryptonightdefyx": "DefyX",
    "cryptonightdouble": "CryptoNightHeavyX",
    "cryptonightedn": "CryptoNight",
    "cryptonightelya": "CryptoNightV7",
    "cryptonightfast": "CryptoNightFast",
    "cryptonightfast2": "CryptoNightFast2",
    "cryptonightfastv2": "CryptoNightFast2",
    "cryptonightfaven": "CryptoNightSuperFast",
    "cryptonightfest": "CryptoNightFest",
    "cryptonightfreehaven": "CryptoNightSuperFast",
    "cryptonightgpu": "CryptoNightGPU",
    "cryptonighthalf": "CryptoNightFast2",
    "cryptonighthaven": "CryptoNightHeavyXhv",
    "cryptonightheavy": "CryptoNightHeavy",
    "cryptonightheavysaber": "CryptoNightHeavySaber",
    "cryptonightheavytube": "CryptoNightHeavySaber",
    "cryptonightheavyx": "CryptoNightHeavyX",
    "cryptonightheavyxhv": "CryptoNightHeavyXhv",
    "cryptonighthospital": "CryptoNightHospital",
    "cryptonighthycon": "CryptoNightHycon",
    "cryptonightiridium": "CryptoNightLiteV7",
    "cryptonightitalo": "CryptoNightHeavyXhv",
    "cryptonightitns": "CryptoNightV7",
    "cryptonightipbc": "CryptoNightLiteIpbc",
    "cryptonightipbclite": "CryptoNightLiteIpbc",
    "cryptonightlines": "CryptoNightV7",
    "cryptonightlite": "CryptoNightLite",
    "cryptonightlite0": "CryptoNightLite",
    "cryptonightlite1": "CryptoNightLiteV7",
    "cryptonightlite2": "CryptoNightLiteV8",
    "cryptonightlitedark": "CryptoNightLiteDark",
    "cryptonightliteipbc": "CryptoNightLiteIpbc",
    "cryptonightlitered": "CryptoNightLiteRed",
    "cryptonightliteturtle": "CryptoNightTurtle",
    "CryptoNightLiteUpx": "CryptoNightLiteUpx2",
    "cryptonightliteupx2": "CryptoNightLiteUpx2",
    "cryptonightlitev7": "CryptoNightLiteV7",
    "cryptonightlitev7xor": "CryptoNightLiteIpbc",
    "cryptonightlitev8": "CryptoNightLiteV8",
    "cryptonightloki": "RandomXL",
    "cryptonightmarketcash": "CryptoNightMkt",
    "cryptonightmasari": "CryptoNightFast2",
    "cryptonightmonero": "RandomX",
    "cryptonightmonero7": "CryptoNightV7",
    "cryptonightmonero8": "CryptoNightV8",
    "cryptonightmonero9": "RandomX",
    "cryptonightmoneror": "CryptoNightR",
    "cryptonightmox": "CryptoNightRed",
    "cryptonightmkt": "CryptoNightMkt",
    "cryptonightmsr": "CryptoNightFast2",
    "cryptonightniobio": "CryptoNightHeavy",
    "cryptonightnormalv4": "CryptoNightR",
    "cryptonightnormalv464": "CryptoNightR64",
    "cryptonightnormalv7": "CryptoNightV7",
    "cryptonightnormalv8": "CryptoNightV8",
    "cryptonightnormalv9": "RandomX",
    "cryptonightombre": "CryptoNightHeavy",
    "cryptonightpico": "CryptoNightTurtle",
    "cryptonightqwerty": "CryptoNightHeavy",
    "cryptonightr": "CryptoNightR",
    "cryptonightred": "CryptoNightRed",
    "cryptonightreversewaltz": "CryptoNightReverseWaltz",
    "cryptonightrloki": "RandomXL",
    "cryptonightrto": "CryptoNightRto",
    "cryptonightrw": "CryptoNightReverseWaltz",
    "cryptonightrwow": "RandomWow",
    "cryptonightrwz": "CryptoNightReverseWaltz",
    "cryptonightrxl": "RandomXL",
    "cryptonightsaber": "CryptoNightHeavySaber",
    "cryptonightryo": "CryptoNightGPU",
    "cryptonightsafex": "CryptoNightV7",
    "cryptonightsaronite": "CryptoNightHeavy",
    "cryptonightsolace": "CryptoNightHeavy",
    "cryptonightstellite": "CryptoNightXtl",
    "cryptonightstellitev4": "CryptoNightXtl",
    "cryptonightstellitev8": "CryptoNightFast2",
    "cryptonightsuperfast": "CryptoNightSuperFast",
    "cryptonightswap": "CryptoNightSuperFast",
    "cryptonighttalleo": "CryptoNightUltraV2",
    "cryptonighttlo": "CryptoNightUltraV2",
    "cryptonighttriton": "CryptoNightLiteV7",
    "cryptonighttubeheavy": "CryptoNightHeavySaber",
    "cryptonightturtle": "CryptoNightTurtle",
    "cryptonightultrav2": "CryptoNightUltraV2",
    "cryptonightulv2": "CryptoNightUltraV2",
    "cryptonightupx": "CryptoNightLiteUpx2",
    "cryptonightupx2": "CryptoNightLiteUpx2",
    "cryptonightv4": "CryptoNightR",
    "cryptonightv7": "CryptoNightV7",
    "cryptonightv7lite": "CryptoNightLiteV7",
    "cryptonightv7stellitev4": "CryptoNightXtl",
    "cryptonightv7stellitev8": "CryptoNightFast2",
    "cryptonightv8": "CryptoNightV8",
    "cryptonightv8fast": "CryptoNightFast2",
    "cryptonightv8stellite": "CryptoNightFast2",
    "cryptonightv9": "RandomX",
    "cryptonightwebchain": "CryptoNightWebchain",
    "cryptonightwow": "RandomWow",
    "cryptonightwownero": "RandomWow",
    "cryptonightxao": "CryptoNightXao",
    "cryptonightxaven": "CryptoNightSuperFast",
    "cryptonightxcash": "CryptoNightHeavyX",
    "cryptonightxeq": "CryptoNightGPU",
    "cryptonightxfh": "CryptoNightSuperFast",
    "cryptonightxwp": "CryptoNightSuperFast",
    "cryptonightxtl": "CryptoNightXtl",
    "cryptonightxtlv8": "CryptoNightFast2",
    "cryptonightxhvheavy": "CryptoNightHeavyXhv",
    "cryptonightzelerius": "CryptonightZelerius",
    "cryptonightzls": "CryptonightZelerius",
    "cryptonote": "CryptoNight",
    "cryptonotea": "CryptoNightLite",
    "cryptonoteb2n": "CryptoNightMkt",
    "cryptonotec": "CryptoNightConceal",
    "cryptonotev7": "CryptoNightV7",
    "cryptonoteh": "CryptoNightHeavy",
    "cryptonotel1": "CryptoNightLiteV7",
    "cryptonoteuh": "CryptoNightLiteIpbc",
    "cryptonotearto": "CryptoNightRto",
    "cryptonotefh": "CryptoNightSuperFast",
    "cryptonotefreehaven": "CryptoNightSuperFast",
    "cryptonotehaven": "CryptoNightHeavyXhv",
    "cryptonotehosp": "CryptoNightHospital",
    "cryptonoter": "CryptoNightRed",
    "cryptonotefast": "CryptoNightFast",
    "cryptonotefast2": "CryptoNightFast2",
    "cryptonitefaven": "CryptoNightSuperFast",
    "cryptonotegpu": "CryptoNightGPU",
    "cryptonotehi": "CryptoNightHeavyXhv",
    "cryptonoterw": "CryptoNightReverseWaltz",
    "cryptonotesuperfast": "CryptoNightSuperFast",
    "cryptonoteswap": "CryptoNightSuperFast",
    "cryptonoteturtlev2": "CryptoNightTurtle",
    "cryptonoteuh": "CryptoNightHeavySaber",
    "cryptonoteupx": "CryptoNightLiteUpx2",
    "cryptonoteupx2": "CryptoNightLiteUpx2",
    "cryptonotev4": "CryptoNightR",
    "cryptonotev8": "CryptoNightV8",
    "cryptonotev8d": "CryptoNightHeavyX",
    "cryptonotev8zls": "CryptonightZelerius",
    "cryptonotewow": "RandomWow",
    "cryptonotextl": "CryptoNightFast2",
    "cryptovantaa": "CryptoVantaa",
    "cuckaroo24": "Cuckaroo24",
    "cuckaroo29": "Cuckaroo29",
    "cuckaroo29b": "Cuckaroo29b",
    "cuckaroo29bfc": "Cuckaroo29bfc",
    "cuckaroo29d": "Cuckarood29",
    "cuckaroo29dv": "Cuckarood29v",
    "cuckaroo29dgrin": "Cuckarood29",
    "cuckaroo29i": "Cuckaroo29i",
    "cuckaroo29m": "Cuckaroom29",
    "cuckaroo29mgrin": "Cuckaroom29",
    "cuckaroo29s": "Cuckaroo29s",
    "cuckaroo29vd": "Cuckarood29v",
    "cuckaroo29z": "Cuckarooz29",
    "cuckaroo29zgrin": "Cuckarooz29",
    "cuckarood29": "Cuckarood29",
    "cuckarood29v": "Cuckarood29v",
    "cuckaroom": "Cuckaroom29",
    "cuckaroom29": "Cuckaroom29",
    "cuckarooz": "Cuckarooz29",
    "cuckarooz29": "Cuckarooz29",
    "cuckaroo30": "Cuckaroo30",
    "cuckatoo31": "Cuckatoo31",
    "cuckatoo31grin": "Cuckatoo31",
    "cuckatoo32": "Cuckatoo32",
    "cuckatoo32grin": "Cuckatoo32",
    "cuckoo": "CuckooCycle",
    "cuckoo24": "Cuckaroo24",
    "cuckoo29": "Cuckaroo29bfc",
    "cuckooaeternity": "CuckooCycle",
    "cuckoobfc": "Cuckaroo29bfc",
    "cuckoocycle": "CuckooCycle",
    "cuckoocycleo": "Cuckaroo29",
    "cuckoocycle29swap": "Cuckaroo29s",
    "cuckoocycle31": "Cuckatoo31",
    "cuckoocycle32": "Cuckatoo32",
    "cuckoocyclecortex": "Cuckaroo30",
    "curvehash": "CurveHash",
    "dagger": "Ethash",
    "daggerhashimoto": "Ethash",
    "darkcoinmod": "X11",
    "dash": "X11",
    "dashcoin": "X11",
    "dashpay": "X11",
    "decred": "Decred",
    "dedal": "Dedal",
    "deep": "Deep",
    "deepcoin": "Deep",
    "defyx": "DefyX",
    "diamondgroestl": "DMDGR",
    "dmdgr": "DMDGR",
    "drop": "Drop",
    "dropcoin": "Drop",
    "dynamic": "Argon2dDyn",
    "eaglesong": "Eaglesong",
    "electroneum": "CryptoNight",    
    "equihash": "Equihash",
    "equihash125": "EquihashR25x4",
    "equihash1254": "EquihashR25x4",
    "equihash12540": "EquihashR25x4",
    "equihash144": "Equihash24x5",
    "equihash1445": "Equihash24x5",
    "equihash1445s": "BeamHash3",
    "equihash144btg": "Equihash24x5",
    "equihash144btcz": "Equihash24x5",
    "equihash144s": "BeamHash3",
    "equihash144safe": "Equihash24x5",
    "equihash144xsg": "Equihash24x5",
    "equihash144zel": "Equihash24x5",
    "equihash150": "EquihashR25x5",
    "equihash1505": "EquihashR25x5",
    "equihash15050": "EquihashR25x5",
    "equihash15053": "EquihashR25x5x3",
    "equihash1505g": "EquihashR25x5",
    "equihash16x5": "Equihash16x5",
    "equihash192": "Equihash24x7",
    "equihash1927": "Equihash24x7",
    "equihash200": "Equihash",
    "equihash2009": "Equihash",
    "equihash20x9": "Equihash",
    "equihash210": "Equihash21x9",
    "equihash2109": "Equihash21x9",
    "equihash21x9": "Equihash21x9",
    "equihash24x5": "Equihash24x5",
    "equihash24x5s": "BeamHash3",
    "equihash25x4": "EquihashR25x4",
    "equihash25x4x0": "EquihashR25x4",
    "equihash25x5": "EquihashR25x5",
    "equihash25x5x0": "EquihashR25x5",
    "equihash25x5x3": "EquihashR25x5x3",
    "equihash24x7": "Equihash24x7",
    "equihash96": "Equihash16x5",
    "equihash965": "Equihash16x5",
    "equihash965vds": "EquihashVds",
    "equihash965scrypt": "EquihashVds",
    "equihash96scrypt": "EquihashVds",
    "equihash96vds": "EquihashVds",
    "equihashaion": "Equihash21x9",
    "equihashbeam": "EquihashR25x5",
    "equihashbtg": "Equihash24x5",
    "equihashbtcz": "Equihash24x5",
    "equihashr125": "EquihashR25x4",
    "equihashr1254": "EquihashR25x4",
    "equihashr12540": "EquihashR25x4",
    "equihashr150": "EquihashR25x5",
    "equihashr1505": "EquihashR25x5",
    "equihashr15050": "EquihashR25x5",
    "equihashr15053": "EquihashR25x5x3",
    "equihashr25x4": "EquihashR25x4",
    "equihashr25x4x0": "EquihashR25x4",
    "equihashr25x5": "EquihashR25x5",
    "equihashr25x5x0": "EquihashR25x5",
    "equihashr25x5x3": "EquihashR25x5x3",
    "equihashsafe": "Equihash24x5",
    "equihashvds": "EquihashVds",
    "equihashxsg": "Equihash24x5",
    "equihashzcl": "Equihash24x7",
    "equihashzec": "Equihash",
    "equihashzel": "EquihashR25x4",
    "equihashzelhash": "EquihashR25x4",
    "equihashzen": "Equihash",
    "equihashzero": "Equihash24x7",
    "espers": "HMQ1725",
    "etc": "EtcHash",
    "etchash": "EtcHash",
    "eth": "Ethash",
    "ethash": "Ethash",
    "ethashfp": "Ethashfp",
    "ethashlowmemory": "EthashLowMemory",
    "ethashnh": "EthashNH",
    "exosis": "Exosis",
    "feathercoin": "NeoScrypt",
    "firopow": "FiroPoW",
    "fresh": "Fresh",
    "gapsearch": "GapSearch",
    "garlicoin": "Allium",
    "gltastralhash": "GLTAstralHash",
    "gltjeonghash": "GLTJeongHash",
    "gltglobalhash": "GLTGlobalHash",
    "gltpadihash": "GLTPadiHash",
    "gltpawelhash": "GLTPawelHash",
    "gr": "Take2",
    "ghostrider": "Take2",
    "graft": "CryptoNightReverseWaltz",
    "grimm": "EquihashR25x5",
    "grin": "Cuckarooz29",
    "grin29": "Cuckarooz29",
    "grin31": "Cuckatoo31",
    "grin32": "Cuckatoo32",
    "grincuckaroo29": "Cuckaroo29",
    "grincuckarood29": "Cuckarood29",
    "grincuckaroom29": "Cuckaroom29",
    "grincuckarooz29": "Cuckarooz29",
    "grincuckatoo31": "Cuckatoo31",
    "grincuckatoo32": "Cuckatoo32",
    "groestl": "Groestl",
    "groestlcoin": "Groestl",
    "handshake": "Blake2bSHA3",
    "hashimotos": "Ethash",
    "heavy": "Heavy",
    "heavyhash": "HeavyHash",
    "hex": "Hex",
    "hmq1725": "HMQ1725",
    "hodl": "Hodl",
    "hodlcoin": "Hodl",
    "honeycomb": "Honeycomb",
    "hospital": "CryptoNightHospital",
    "hppcoin": "Lyra2h",
    "hsr": "HSR",
    "hycon": "CryptoNightHycon",
    "intense": "CryptoNightV7",
    "jackpotcoin": "JHA",
    "jeonghash": "GLTJeongHash",
    "jha": "JHA",
    "k12": "Kangaroo12",
    "kadena": "Blake2s",
    "kangaroo12": "Kangaroo12",
    "kawpow": "KawPOW",
    "keccak": "Keccak",
    "keccakc": "KeccakC",
    "keck": "Keccak",
    "lbry": "Lbry",
    "luffa": "Luffa",
    "lux": "RX2",
    "lyra2": "Lyra2RE",
    "lyra2cz": "Lyra2cz",
    "lyra2h": "Lyra2h",
    "lyra2re": "Lyra2RE",
    "lyra2re2": "Lyra2RE2",
    "lyra2rev2": "Lyra2RE2",
    "lyra2re3": "Lyra2RE3",
    "lyra2rev3": "Lyra2RE3",
    "lyra2tdc": "Lyra2TDC",
    "lyra2v2": "Lyra2RE2",
    "lyra2v2webchain": "Lyra2RE2Webchain",
    "lyra2v3": "Lyra2RE3",
    "lyra2vc0banhash": "Lyra2vc0banHash",
    "lyra2z": "Lyra2z",
    "lyra2z330": "Lyra2z330",
    "lyra2zz": "Lyra2zz",
    "m7": "M7",
    "m7m": "m7m",
    "m7mv2": "m7m",
    "machine": "Timetravel",
    "machinecoin": "Timetravel",
    "magi": "m7m",
    "mars": "Equihash16x5",
    "masari": "CryptoNightFast2",
    "maxcoin": "Keccak",
    "megabtx": "MegaBTX",
    "megamec": "MegaMEC",
    "memohash": "Axiom",
    "merit": "CuckooCycle",
    "mgroestl": "MyriadGroestl",
    "minotaur": "Minotaur",
    "minotaurx": "MinotaurX",
    "monero": "RandomX",
    "monerov": "Cuckarood29v",
    "mtp": "MTP",
    "mtpclassic": "MTP",
    "mtptcr": "MTPTcr",
    "myrgr": "MyriadGroestl",
    "myrgro": "MyriadGroestl",
    "myriadcoingroestl": "MyriadGroestl",
    "myriadgroestl": "MyriadGroestl",
    "neoscrypt": "NeoScrypt",
    "neoscryptxaya": "NeoScryptXaya",
    "nexushash": "NexusHash",
    "nimiq":  "Argon2dNim",
    "ninja": "Polytimos",
    "nist5": "Nist5",
    "nrghash": "NrgHash",
    "nscrypt": "ScryptN11",
    "nscryptv": "ScryptN2",
    "octopus": "Octopus",
    "padihash": "GLTPadiHash",
    "panthera": "Panthera",
    "pascal": "Pascal",
    "pawelhash": "GLTPawelHash",
    "pentablake": "PentaBlake",
    "phi": "PHI",
    "phi1612": "PHI",
    "phi2": "PHI2",
    "phi5": "PHI5",
    "pipe": "Pipe",
    "phoenixcoin": "NeoScrypt",
    "pluck": "Pluck",
    "pluck128": "Pluck",
    "poly": "Polytimos",
    "polytimos": "Polytimos",
    "power2b": "Yespower2b",
    "primesr": "Primesr",
    "progpow": "ProgPoW",
    "progpow092": "ProgPoW092",
    "progpowepic": "ProgPowEpic",
    "progpowere": "ProgPoWEthercore",
    "progpowethercore": "ProgPoWEthercore",
    "progpowh": "ProgPoWH",
    "progpows": "ProgPowSero",
    "progpowsero": "ProgPowSero",
    "progpowveil": "ProgPowVeil",
    "progpowveriblock": "vProgPoW",
    "progpowz": "ProgPoWZ",
    "progpowzano": "ProgPoWZ",
    "purk": "Wildkeccak",
    "qitmeer": "Cuckaroom29",
    "quark": "Quark",
    "quarkcoin": "Quark",
    "qubit": "Qubit",
    "qubitcoin": "Qubit",
    "rainforest": "Rainforest",
    "rainforest2": "RainforestV2",
    "rainforestv2": "RainforestV2",
    "randomarq": "RandomArq",
    "randomepic": "RandomEPIC",
    "randomgrft": "RandomGRFT",
    "randomhash": "RandomHash",
    "randomhash2": "RandomHash2",
    "randomkeva": "RandomKEVA",
    "randomsfx": "RandomSFX",
    "randomv": "RandomV",
    "randomwow": "RandomWow",
    "randomx": "RandomX",
    "randomxhfpi": "RandomXHFPI",
    "randomxl": "RandomXL",
    "randomxloki": "RandomXL",
    "randomxmonero": "RandomX",
    "randomxwow": "RandomWow",
    "randomxyada": "RandomYada",
    "randomyada": "RandomYada",
    "raven": "KawPOW",
    "renesis": "Renesis",
    "rfv2": "RainforestV2",
    "rx0": "RandomX",
    "rx2": "RX2",
    "rxarq": "RandomArq",
    "rxgraft": "RandomGRFT",
    "rxgrft": "RandomGRFT",
    "rxkeva": "RandomKEVA",
    "rxloki": "RandomXL",
    "rxsfx": "RandomSFX",
    "rxtest": "RandomX",
    "rxv": "RandomV",
    "rxwow": "RandomWow",
    "ryo": "CryptoNightGPU",
    "s3": "SHA256t",
    "scrypt": "Scrypt",
    "scrypt10": "ScryptN11",
    "scrypt1048576": "ScryptN2",
    "scrypt2048": "ScryptN11",
    "scrypt8192": "Scrypt8k",
    "scrypt8k": "Scrypt8k",
    "scryptjane": "ScryptJaneNF",
    "scryptjane16": "ScryptJane16",
    "scryptjanenf": "ScryptJaneNF",
    "scryptn": "ScryptN11",
    "scryptn11": "ScryptN11",
    "scryptn2": "ScryptN2",
    "scryptsipc": "ScryptSIPC",
    "sero": "ProgPowSero",
    "sha256": "SHA256",
    "sha256ab": "SHA256ab",
    "sha256csm": "SHA256csm",
    "sha256d": "SHA256d",
    "sha256q": "SHA256q",
    "sha256t": "SHA256t",
    "sha3": "Keccak",
    "sha3d": "SHA3d",
    "shabal": "Axiom",
    "shabal256": "Axiom",
    "shavite3": "shavite3",
    "sia": "Blake2b",
    "siacoin": "Blake2b",
    "sib": "Sib",
    "sibcoinmod": "Sib",
    "sigt": "Skunk",
    "sipc": "ScryptSIPC",
    "skein": "Skein",
    "skein2": "Skein2",
    "skeincoin": "Skein",
    "skunk": "Skunk",
    "skunkhash": "Skunk",
    "skunkhashraptor": "Skunk",
    "sonoa": "SonoA",
    "stellite": "CryptoNightXtl",
    "stellitev4": "CryptoNightXtl",
    "stellitev8": "CryptoNightFast2",
    "supcoin": "Pluck",
    "take2": "Take2",
    "tellor": "Tellor",
    "tensority": "Tensority",
    "tethash": "TEThashV1",
    "tethashv1": "TEThashV1",
    "timetravel": "Timetravel",
    "timetravel10": "Bitcore",
    "trezarcoin": "NeoScrypt",
    "tribus": "Tribus",
    "trtlchukwa": "Argon2Chukwa",
    "trtlchukwa2": "Argon2ChukwaV2",
    "trtlchukwav2": "Argon2ChukwaV2",
    "unitus": "Argon2d4096",
    "ubiqhash": "UbqHash",
    "ubqhash": "UbqHash",
    "upx": "CryptoNightLiteUpx2",
    "upx2": "CryptoNightLiteUpx2",
    "vanilla": "BlakeVanilla",
    "vbk": "VBlake2b",
    "vblake2b": "VBlake2b",
    "vds": "EquihashVds",
    "veltor": "Veltor",
    "vergeblake2s": "Blake2s",
    "vergelyra2re2": "Lyra2RE2",
    "vergelyra2rev2": "Lyra2RE2",
    "vergelyra2v2": "Lyra2RE2",
    "vergex17": "X17",
    "vertcoin": "VertHash",
    "verthash": "VertHash",
    "verus": "VerusHash",
    "verushash": "VerusHash",
    "vit": "Vitalium",
    "vprogpow": "vProgPoW",
    "whirlpool": "Whirlpool",
    "whirlpoolx": "WhirlpoolX",
    "wildkeccak": "Wildkeccak",
    "wownero": "RandomWow",
    "x11": "X11",
    "x11evo": "X11evo",
    "x11gost": "Sib",
    "x11k": "X11k",
    "x12": "X12",
    "x13": "X13",
    "x13bcd": "Bcd",
    "x13sm3": "HSR",
    "x14": "X14",
    "x15": "X15",
    "x16r": "X16r",
    "x16rt": "X16rt",
    "x16rtgin": "X16rt",
    "x16rv2": "X16rv2",
    "x16s": "X16s",
    "x17": "X17",
    "x17r": "X17r",
    "x17rprotocol2": "X17rProtocol2",
    "x18": "X18",
    "x20r": "X20r",
    "x21s": "X21s",
    "x22": "X22",
    "x22i": "X22i",
    "x25x": "X25x",
    "x33": "X33",
    "xevan": "Xevan",
    "xevanmod": "Xevan",
    "xmg": "m7m",
    "xmr": "RandomX",
    "xvgblake2s": "Blake2s",
    "xvglyra2re2": "Lyra2RE2",
    "xvglyra2rev2": "Lyra2RE2",
    "xvglyra2v2": "Lyra2RE2",
    "xvgx17": "X17",
    "yenten": "YescryptR16",
    "yescrypt": "Yescrypt",
    "yescryptr16": "YescryptR16",
    "yescryptr16v2": "YescryptR16v2",
    "yescryptr24": "YescryptR24",
    "yescryptr32": "YescryptR32",
    "yescryptr8": "YescryptR8",
    "yescryptr8g": "YescryptR8g",
    "yespower": "Yespower",
    "yespower2b": "Yespower2b",
    "yespowerarwn": "YespowerARWN",
    "yespoweric": "YespowerIC",
    "yespowerinter": "YespowerITC",
    "yespoweriso": "YespowerIC",
    "yespoweriots": "YespowerIOTS",
    "yespoweritc": "YespowerITC",
    "yespowerlitb": "YespowerLITB",
    "yespowerltncg": "YespowerLTNCG",
    "yespowermbc": "Yespower2b",
    "yespowermgpc": "YespowerMGPC",
    "yespowernull": "Yespower",
    "yespowerr16": "YespowerR16",
    "yespowerr24": "YespowerR24",
    "yespowerr32": "YespowerR32",
    "yespowerr8": "YespowerR8",
    "yespowerres": "YespowerRES",
    "yespowersugar": "YespowerSUGAR",
    "yespowertide": "YespowerTIDE",
    "yespowerurx": "YespowerURX",
    "zcoin": "MTP",
    "zelhash": "EquihashR25x4",
    "zenprotocol": "ZenProtocol",
    "zerocoin": "Equihash24x7",
    "zerocurrency": "Equihash24x7",
    "zerocurrencies": "Equihash24x7",
    "zhash": "Equihash24x5",
    "ziftr": "zr5",
    "zoin": "Lyra2z330",
    "zr5": "zr5",
    "zuikkis": "Scrypt"
}