﻿{
    "Ryzen.+[123][1-9]00GE": 35,
    "Ryzen.+[123][2-7]00E": 45,
    "Ryzen.+[123][1-9]00[ G]": 65,
    "Ryzen.+[123][2-5]00X": 65,
    "Ryzen.+1[6-8]00X": 95,
    "Ryzen.+[23]600X": 95,
    "Ryzen.+PRO.+2700X": 95,
    "Ryzen.+2700X": 105,
    "Ryzen.+3700X": 65,
    "Ryzen.+3[89][05]0": 105,
    "Ryzen.+[12]9[025]0": 180,
    "Ryzen.+29[79]0": 250,
    "Ryzen.+39[679]0": 280,

    "EPIC.+7351P": 170,
    "EPIC.+7401P": 170,
    "EPIC.+7551P": 180,
    "EPIC.+7251": 120,
    "EPIC.+7261": 170,
    "EPIC.+7281": 170,
    "EPIC.+7301": 170,
    "EPIC.+7351": 170,
    "EPIC.+7371": 180,
    "EPIC.+7401": 170,
    "EPIC.+7451": 180,
    "EPIC.+7501": 170,
    "EPIC.+7551": 180,
    "EPIC.+7601": 180,

    "EPYC.+7232P": 120,
    "EPYC.+7302P": 155,
    "EPYC.+7402P": 180,
    "EPYC.+7502P": 200,
    "EPYC.+7702P": 200,
    "EPYC.+7252": 120,
    "EPYC.+7262": 155,
    "EPYC.+7272": 120,
    "EPYC.+7282": 120,
    "EPYC.+7302": 155,
    "EPYC.+7352": 155,
    "EPYC.+7402": 180,
    "EPYC.+7452": 155,
    "EPYC.+7502": 180,
    "EPYC.+7532": 200,
    "EPYC.+7542": 225,
    "EPYC.+7552": 200,
    "EPYC.+7642": 225,
    "EPYC.+7662": 225,
    "EPYC.+7702": 200,
    "EPYC.+7742": 225,
    "EPYC.+7H12": 280,
    "EPYC.+7F32": 180,
    "EPYC.+7F52": 240,
    "EPYC.+7F72": 240,

    "EPYC.+3101": 35,
    "EPYC.+3151": 45,
    "EPYC.+3201": 30,
    "EPYC.+3251": 55,
    "EPYC.+3255": 55,
    "EPYC.+3301": 65,
    "EPYC.+3351": 80,
    "EPYC.+3401": 85,
    "EPYC.+3451": 100,

    "Intel.+Core.+i3-6100U": 15,
    "Intel.+Core.+i5-5257U": 28,
    "Intel.+Core.+i7-7500U": 15,
    "Intel.+Core.+i7-7560U": 15,
    "Intel.+Core.+i7-7567U": 28,
    "Intel.+Core.+i7-7600U": 15,
    "Intel.+Core.+i7-7660U": 15,

    "Intel.+Core.+i5-2500T": 45,
    "Intel.+Core.+i5-3570T": 45,
    "Intel.+Core.+i5-4670T": 45,
    "Intel.+Core.+i5-4690T": 45,
    "Intel.+Core.+i7-3770T": 45,
    "Intel.+Core.+i7-4770T": 45,
    "Intel.+Core.+i7-4790T": 45,

    "Intel.+Core.+i[357]-[1-9][0-9]{3}T": 35,
    "Intel.+Core.+i[57]-[1-9][0-9]{3}[CRS]": 65,

    "Intel.+Core.+i3-5[3456]0 ": 73,
    "Intel.+Core.+i3-21[0-9]{2}": 65,
    "Intel.+Core.+i3-32[0-9]{2}": 55,
    "Intel.+Core.+i3-4[13][0-9]{2}": 54,
    "Intel.+Core.+i3-60[0-9]{2}": 54,
    "Intel.+Core.+i3-6[13][0-9]{2}": 47,
    "Intel.+Core.+i3-7350K": 60,
    "Intel.+Core.+i3-7[13][0-9]0E": 54,
    "Intel.+Core.+i3-7[13][0-9]0": 51,
    "Intel.+Core.+i3-[89]100": 65,
    "Intel.+Core.+i3-[89]3[02]0": 62,
    "Intel.+Core.+i3-[89]350K": 91,

    "Intel.+Core.+i5-6[5678]0 ": 73,
    "Intel.+Core.+i5-661 ": 87,
    "Intel.+Core.+i5-7[56]0 ": 95,
    "Intel.+Core.+i5-750S": 82,
    "Intel.+Core.+i5-2[345][0-9]{2}": 95,
    "Intel.+Core.+i5-3350P": 69,
    "Intel.+Core.+i5-3[345][0-9]{2}": 77,
    "Intel.+Core.+i5-4690K": 89,
    "Intel.+Core.+i5-4[456][0-9]{2}": 84,
    "Intel.+Core.+i5-[67]600K": 91,
    "Intel.+Core.+i5-[89]600K": 95,
    "Intel.+Core.+i5-7640X": 112,
    "Intel.+Core.+i5-[6789][456][0-9]{2}": 65,

    "Intel.+Core.+i7-8[0-9]{2}[ K]": 95,
    "Intel.+Core.+i7-8[0-9]{2}S": 82,
    "Intel.+Core.+i7-9[0-9]{2}[ X]": 130,
    "Intel.+Core.+i7-2[67]00": 95,
    "Intel.+Core.+i7-3770": 77,
    "Intel.+Core.+i7-[34][89][236]0": 130,
    "Intel.+Core.+i7-3970": 150,
    "Intel.+Core.+i7-4790K": 88,
    "Intel.+Core.+i7-47[0-9]{2}": 84,
    "Intel.+Core.+i7-[567][89][0-9]{2}": 140,
    "Intel.+Core.+i7-[67]700K": 91,
    "Intel.+Core.+i7-[89]700K": 95,
    "Intel.+Core.+i7-7740X": 112,
    "Intel.+Core.+i7-9800X": 165,
    "Intel.+Core.+i7-8086K": 95,
    "Intel.+Core.+i7-[6789]7[0-9]{2}": 65,

    "Intel.+Core.+i9-79[02]0": 140,
    "Intel.+Core.+i9-9990": 255,
    "Intel.+Core.+i9-[79][89][0-9]{2}X": 165,
    "Intel.+Core.+i9-9900KS": 127,
    "Intel.+Core.+i9-9900K": 95,
    "Intel.+Core.+i9-9900": 65,
    "Intel.+Core.+i9-109[0-9]{2}": 165,

    "Intel.+Pentium.+G[0-9]{3,4}T": 35,
    "Intel.+Pentium.+G69[0-9]{2}": 73,
    "Intel.+Pentium.+G2[01][0-9]{2}": 55,
    "Intel.+Pentium.+G3[234][0-9]{2}": 53,
    "Intel.+Pentium.+G[68][0-9]{2} ": 65,
    "Intel.+Pentium.+G4400": 54,
    "Intel.+Pentium.+G4[56][02]0": 51,
    "Intel.+Pentium.+G4560": 54,
    "Intel.+Pentium.+G5[456][0-9]{2} ": 54
}