﻿{
    "amd":  {
                "Index":  "*",
                "PlatformId":  "*",
                "Type_PlatformId_Index":  "*",
                "Vendor":  "AMD",
                "Type_Vendor_Index":  "{1}",
                "Type":  "GPU",
                "Type_Index":  "*"
            },
    "cpu":  {
                "Index":  "*",
                "PlatformId":  "*",
                "Type_PlatformId_Index":  "*",
                "Vendor":  "*",
                "Type_Vendor_Index":  "*",
                "Type":  "CPU",
                "Type_Index":  "{1}"
            },
    "device":  {
                   "Index":  "{1}",
                   "PlatformId":  "*",
                   "Type_PlatformId_Index":  "*",
                   "Vendor":  "*",
                   "Type_Vendor_Index":  "*",
                   "Type":  "*",
                   "Type_Index":  "*"
               },
    "gpu":  {
                "Index":  "{1}",
                "PlatformId":  "*",
                "Type_PlatformId_Index":  "*",
                "Vendor":  "*",
                "Type_Vendor_Index":  "*",
                "Type":  "GPU",
                "Type_Index":  "*"
            },
    "intel":  {
                  "Index":  "*",
                  "PlatformId":  "*",
                  "Type_PlatformId_Index":  "*",
                  "Vendor":  "INTEL",
                  "Type_Vendor_Index":  "{1}",
                  "Type":  "GPU",
                  "Type_Index":  "*"
              },
    "nvidia":  {
                   "Index":  "*",
                   "PlatformId":  "*",
                   "Type_PlatformId_Index":  "*",
                   "Vendor":  "NVIDIA",
                   "Type_Vendor_Index":  "{1}",
                   "Type":  "GPU",
                   "Type_Index":  "*"
               },
    "opencl":  {
                   "Index":  "*",
                   "PlatformId":  "{1}",
                   "Type_PlatformId_Index":  "{2}",
                   "Vendor":  "*",
                   "Type_Vendor_Index":  "*",
                   "Type":  "*",
                   "Type_Index":  "*"
               }
}