﻿[{"Pool":"ZergPool","Algorithm":"Allium","CoinName":"Garlic","CoinSymbol":"GRLC","Currency":"BTC","Protocol":"stratum+tcp","Host":"allium.mine.zergpool.com","Port":6433,"User":"3DxRETpBoXKrEBQxFb2HsPmG6apxHmKmUx","Pass":"ID=mrx","Region":"US","SSL":false,"Wallet":"3DxRETpBoXKrEBQxFb2HsPmG6apxHmKmUx","Worker":"mrx","EthMode":null},{"Pool":"NiceHash","Algorithm":"Autolykos2","CoinName":"","CoinSymbol":"","Currency":"BTC","Protocol":"stratum+tcp","Host":"autolykos.eu-west.nicehash.com","Port":3390,"User":"3PfUUT1Tknfyd4SnYrEwwpUEAQEzWd2BuD.mrx","Pass":"x","Region":"CentralEurope","SSL":false,"Wallet":"3PfUUT1Tknfyd4SnYrEwwpUEAQEzWd2BuD","Worker":"mrx","EthMode":null},{"Pool":"NiceHash","Algorithm":"Autolykos2","CoinName":"","CoinSymbol":"","Currency":"BTC","Protocol":"stratum+tcp","Host":"autolykos.eu-north.nicehash.com","Port":3390,"User":"3PfUUT1Tknfyd4SnYrEwwpUEAQEzWd2BuD.mrx","Pass":"x","Region":"NorthernEurope","SSL":false,"Wallet":"3PfUUT1Tknfyd4SnYrEwwpUEAQEzWd2BuD","Worker":"mrx","EthMode":null},{"Pool":"NiceHash","Algorithm":"Autolykos2","CoinName":"","CoinSymbol":"","Currency":"BTC","Protocol":"stratum+tcp","Host":"autolykos.usa-west.nicehash.com","Port":3390,"User":"3PfUUT1Tknfyd4SnYrEwwpUEAQEzWd2BuD.mrx","Pass":"x","Region":"USWest","SSL":false,"Wallet":"3PfUUT1Tknfyd4SnYrEwwpUEAQEzWd2BuD","Worker":"mrx","EthMode":null},{"Pool":"NiceHash","Algorithm":"Autolykos2","CoinName":"","CoinSymbol":"","Currency":"BTC","Protocol":"stratum+tcp","Host":"autolykos.usa-east.nicehash.com","Port":3390,"User":"3PfUUT1Tknfyd4SnYrEwwpUEAQEzWd2BuD.mrx","Pass":"x","Region":"USEast","SSL":false,"Wallet":"3PfUUT1Tknfyd4SnYrEwwpUEAQEzWd2BuD","Worker":"mrx","EthMode":null},{"Pool":"Zpool","Algorithm":"Blakecoin","CoinName":"Gate","CoinSymbol":"GATE","Currency":"BTC","Protocol":"stratum+tcp","Host":"blakecoin.na.mine.zpool.ca","Port":5743,"User":"3DxRETpBoXKrEBQxFb2HsPmG6apxHmKmUx","Pass":"mrx","Region":"US","SSL":false,"Wallet":"3DxRETpBoXKrEBQxFb2HsPmG6apxHmKmUx","Worker":"mrx","EthMode":null},{"Pool":"Zpool","Algorithm":"Blakecoin","CoinName":"Gate","CoinSymbol":"GATE","Currency":"BTC","Protocol":"stratum+tcp","Host":"blakecoin.eu.mine.zpool.ca","Port":5743,"User":"3DxRETpBoXKrEBQxFb2HsPmG6apxHmKmUx","Pass":"mrx","Region":"CentralEurope","SSL":false,"Wallet":"3DxRETpBoXKrEBQxFb2HsPmG6apxHmKmUx","Worker":"mrx","EthMode":null},{"Pool":"Zpool","Algorithm":"Blakecoin","CoinName":"Gate","CoinSymbol":"GATE","Currency":"BTC","Protocol":"stratum+tcp","Host":"blakecoin.sea.mine.zpool.ca","Port":5743,"User":"3DxRETpBoXKrEBQxFb2HsPmG6apxHmKmUx","Pass":"mrx","Region":"SoutheastAsia","SSL":false,"Wallet":"3DxRETpBoXKrEBQxFb2HsPmG6apxHmKmUx","Worker":"mrx","EthMode":null},{"Pool":"Zpool","Algorithm":"Blakecoin","CoinName":"Gate","CoinSymbol":"GATE","Currency":"BTC","Protocol":"stratum+tcp","Host":"blakecoin.jp.mine.zpool.ca","Port":5743,"User":"3DxRETpBoXKrEBQxFb2HsPmG6apxHmKmUx","Pass":"mrx","Region":"Japan","SSL":false,"Wallet":"3DxRETpBoXKrEBQxFb2HsPmG6apxHmKmUx","Worker":"mrx","EthMode":null},{"Pool":"ZergPool","Algorithm":"Blake2b","CoinName":"Title","CoinSymbol":"TNET","Currency":"BTC","Protocol":"stratum+tcp","Host":"blake2b.mine.zergpool.com","Port":5777,"User":"3DxRETpBoXKrEBQxFb2HsPmG6apxHmKmUx","Pass":"ID=mrx","Region":"US","SSL":false,"Wallet":"3DxRETpBoXKrEBQxFb2HsPmG6apxHmKmUx","Worker":"mrx","EthMode":null},{"Pool":"NiceHash","Algorithm":"Blake2s","CoinName":"","CoinSymbol":"","Currency":"BTC","Protocol":"stratum+tcp","Host":"blake2s.eu-west.nicehash.com","Port":3361,"User":"3PfUUT1Tknfyd4SnYrEwwpUEAQEzWd2BuD.mrx","Pass":"x","Region":"CentralEurope","SSL":false,"Wallet":"3PfUUT1Tknfyd4SnYrEwwpUEAQEzWd2BuD","Worker":"mrx","EthMode":null},{"Pool":"NiceHash","Algorithm":"Blake2s","CoinName":"","CoinSymbol":"","Currency":"BTC","Protocol":"stratum+tcp","Host":"blake2s.eu-north.nicehash.com","Port":3361,"User":"3PfUUT1Tknfyd4SnYrEwwpUEAQEzWd2BuD.mrx","Pass":"x","Region":"NorthernEurope","SSL":false,"Wallet":"3PfUUT1Tknfyd4SnYrEwwpUEAQEzWd2BuD","Worker":"mrx","EthMode":null},{"Pool":"NiceHash","Algorithm":"Blake2s","CoinName":"","CoinSymbol":"","Currency":"BTC","Protocol":"stratum+tcp","Host":"blake2s.usa-west.nicehash.com","Port":3361,"User":"3PfUUT1Tknfyd4SnYrEwwpUEAQEzWd2BuD.mrx","Pass":"x","Region":"USWest","SSL":false,"Wallet":"3PfUUT1Tknfyd4SnYrEwwpUEAQEzWd2BuD","Worker":"mrx","EthMode":null},{"Pool":"NiceHash","Algorithm":"Blake2s","CoinName":"","CoinSymbol":"","Currency":"BTC","Protocol":"stratum+tcp","Host":"blake2s.usa-east.nicehash.com","Port":3361,"User":"3PfUUT1Tknfyd4SnYrEwwpUEAQEzWd2BuD.mrx","Pass":"x","Region":"USEast","SSL":false,"Wallet":"3PfUUT1Tknfyd4SnYrEwwpUEAQEzWd2BuD","Worker":"mrx","EthMode":null},{"Pool":"NiceHash","Algorithm":"Blake2bSHA3","CoinName":"","CoinSymbol":"","Currency":"BTC","Protocol":"stratum+tcp","Host":"handshake.eu-west.nicehash.com","Port":3384,"User":"3PfUUT1Tknfyd4SnYrEwwpUEAQEzWd2BuD.mrx","Pass":"x","Region":"CentralEurope","SSL":false,"Wallet":"3PfUUT1Tknfyd4SnYrEwwpUEAQEzWd2BuD","Worker":"mrx","EthMode":null},{"Pool":"NiceHash","Algorithm":"Blake2bSHA3","CoinName":"","CoinSymbol":"","Currency":"BTC","Protocol":"stratum+tcp","Host":"handshake.eu-north.nicehash.com","Port":3384,"User":"3PfUUT1Tknfyd4SnYrEwwpUEAQEzWd2BuD.mrx","Pass":"x","Region":"NorthernEurope","SSL":false,"Wallet":"3PfUUT1Tknfyd4SnYrEwwpUEAQEzWd2BuD","Worker":"mrx","EthMode":null},{"Pool":"NiceHash","Algorithm":"Blake2bSHA3","CoinName":"","CoinSymbol":"","Currency":"BTC","Protocol":"stratum+tcp","Host":"handshake.usa-west.nicehash.com","Port":3384,"User":"3PfUUT1Tknfyd4SnYrEwwpUEAQEzWd2BuD.mrx","Pass":"x","Region":"USWest","SSL":false,"Wallet":"3PfUUT1Tknfyd4SnYrEwwpUEAQEzWd2BuD","Worker":"mrx","EthMode":null},{"Pool":"NiceHash","Algorithm":"Blake2bSHA3","CoinName":"","CoinSymbol":"","Currency":"BTC","Protocol":"stratum+tcp","Host":"handshake.usa-east.nicehash.com","Port":3384,"User":"3PfUUT1Tknfyd4SnYrEwwpUEAQEzWd2BuD.mrx","Pass":"x","Region":"USEast","SSL":false,"Wallet":"3PfUUT1Tknfyd4SnYrEwwpUEAQEzWd2BuD","Worker":"mrx","EthMode":null},{"Pool":"ZergPool","Algorithm":"BMW512","CoinName":"DigitalNote","CoinSymbol":"XDN","Currency":"BTC","Protocol":"stratum+tcp","Host":"bmw512.mine.zergpool.com","Port":5787,"User":"3DxRETpBoXKrEBQxFb2HsPmG6apxHmKmUx","Pass":"ID=mrx","Region":"US","SSL":false,"Wallet":"3DxRETpBoXKrEBQxFb2HsPmG6apxHmKmUx","Worker":"mrx","EthMode":null},{"Pool":"ZergPool","Algorithm":"C11","CoinName":"Chaincoin","CoinSymbol":"CHC","Currency":"BTC","Protocol":"stratum+tcp","Host":"c11.mine.zergpool.com","Port":3573,"User":"3DxRETpBoXKrEBQxFb2HsPmG6apxHmKmUx","Pass":"ID=mrx","Region":"US","SSL":false,"Wallet":"3DxRETpBoXKrEBQxFb2HsPmG6apxHmKmUx","Worker":"mrx","EthMode":null},{"Pool":"MoneroOcean","Algorithm":"CryptoNightFast2","CoinName":"Masari","CoinSymbol":"MSR","Currency":"XMR","Protocol":"stratum+tcp","Host":"gulf.moneroocean.stream","Port":10016,"User":"44UDqzf5aGZa5tis2BgJ3zLGhMttoQjPu1F5L1VtZGnAbKBao8h6enX1d9eop5p4HAPUv2xM4aLQjYy7cH1E1AnFSWmgNWQ","Pass":"mrx:x~cn/half","Region":"US","SSL":false,"Wallet":"44UDqzf5aGZa5tis2BgJ3zLGhMttoQjPu1F5L1VtZGnAbKBao8h6enX1d9eop5p4HAPUv2xM4aLQjYy7cH1E1AnFSWmgNWQ","Worker":"mrx","EthMode":null},{"Pool":"ZergPool","Algorithm":"CryptoNightGPU","CoinName":null,"CoinSymbol":null,"Currency":"BTC","Protocol":"stratum+tcp","Host":"cryptonight_gpu.mine.zergpool.com","Port":4445,"User":"3DxRETpBoXKrEBQxFb2HsPmG6apxHmKmUx","Pass":"ID=mrx","Region":"US","SSL":false,"Wallet":"3DxRETpBoXKrEBQxFb2HsPmG6apxHmKmUx","Worker":"mrx","EthMode":null},{"Pool":"ZergPool","Algorithm":"CryptoNightHeavyXhv","CoinName":null,"CoinSymbol":null,"Currency":"BTC","Protocol":"stratum+tcp","Host":"cryptonight_haven.mine.zergpool.com","Port":4452,"User":"3DxRETpBoXKrEBQxFb2HsPmG6apxHmKmUx","Pass":"ID=mrx","Region":"US","SSL":false,"Wallet":"3DxRETpBoXKrEBQxFb2HsPmG6apxHmKmUx","Worker":"mrx","EthMode":null},{"Pool":"NiceHash","Algorithm":"CryptoNightR","CoinName":"","CoinSymbol":"","Currency":"BTC","Protocol":"stratum+tcp","Host":"cryptonightr.eu-west.nicehash.com","Port":3375,"User":"3PfUUT1Tknfyd4SnYrEwwpUEAQEzWd2BuD.mrx","Pass":"x","Region":"CentralEurope","SSL":false,"Wallet":"3PfUUT1Tknfyd4SnYrEwwpUEAQEzWd2BuD","Worker":"mrx","EthMode":null},{"Pool":"NiceHash","Algorithm":"CryptoNightR","CoinName":"","CoinSymbol":"","Currency":"BTC","Protocol":"stratum+tcp","Host":"cryptonightr.eu-north.nicehash.com","Port":3375,"User":"3PfUUT1Tknfyd4SnYrEwwpUEAQEzWd2BuD.mrx","Pass":"x","Region":"NorthernEurope","SSL":false,"Wallet":"3PfUUT1Tknfyd4SnYrEwwpUEAQEzWd2BuD","Worker":"mrx","EthMode":null},{"Pool":"NiceHash","Algorithm":"CryptoNightR","CoinName":"","CoinSymbol":"","Currency":"BTC","Protocol":"stratum+tcp","Host":"cryptonightr.usa-west.nicehash.com","Port":3375,"User":"3PfUUT1Tknfyd4SnYrEwwpUEAQEzWd2BuD.mrx","Pass":"x","Region":"USWest","SSL":false,"Wallet":"3PfUUT1Tknfyd4SnYrEwwpUEAQEzWd2BuD","Worker":"mrx","EthMode":null},{"Pool":"NiceHash","Algorithm":"CryptoNightR","CoinName":"","CoinSymbol":"","Currency":"BTC","Protocol":"stratum+tcp","Host":"cryptonightr.usa-east.nicehash.com","Port":3375,"User":"3PfUUT1Tknfyd4SnYrEwwpUEAQEzWd2BuD.mrx","Pass":"x","Region":"USEast","SSL":false,"Wallet":"3PfUUT1Tknfyd4SnYrEwwpUEAQEzWd2BuD","Worker":"mrx","EthMode":null},{"Pool":"MoneroOcean","Algorithm":"CryptoNightTurtle","CoinName":"Iridium","CoinSymbol":"IRD","Currency":"XMR","Protocol":"stratum+tcp","Host":"gulf.moneroocean.stream","Port":10016,"User":"44UDqzf5aGZa5tis2BgJ3zLGhMttoQjPu1F5L1VtZGnAbKBao8h6enX1d9eop5p4HAPUv2xM4aLQjYy7cH1E1AnFSWmgNWQ","Pass":"mrx:x~cn-pico/trtl","Region":"US","SSL":false,"Wallet":"44UDqzf5aGZa5tis2BgJ3zLGhMttoQjPu1F5L1VtZGnAbKBao8h6enX1d9eop5p4HAPUv2xM4aLQjYy7cH1E1AnFSWmgNWQ","Worker":"mrx","EthMode":null},{"Pool":"ZergPool","Algorithm":"CryptoNightLiteUpx2","CoinName":"Uplexa","CoinSymbol":"UPX","Currency":"BTC","Protocol":"stratum+tcp","Host":"cryptonight_upx.mine.zergpool.com","Port":4457,"User":"3DxRETpBoXKrEBQxFb2HsPmG6apxHmKmUx","Pass":"ID=mrx","Region":"US","SSL":false,"Wallet":"3DxRETpBoXKrEBQxFb2HsPmG6apxHmKmUx","Worker":"mrx","EthMode":null},{"Pool":"HeroMiners","Algorithm":"Cuckaroo29s","CoinName":"Swap","CoinSymbol":"XWP","Currency":"XWP","Protocol":"stratum+tcp","Host":"swap.herominers.com","Port":1123,"User":"fh3aedwhNG7YiJXAodppcdg32Dpw993Z2iXoVcthzgwxS1UNjUiyNE9HBnNiqiuwkn7JFEoBCwtXZHJoWECMgbV42t2jPt55B","Pass":"mrx","Region":"Germany","SSL":false,"Wallet":"fh3aedwhNG7YiJXAodppcdg32Dpw993Z2iXoVcthzgwxS1UNjUiyNE9HBnNiqiuwkn7JFEoBCwtXZHJoWECMgbV42t2jPt55B","Worker":"mrx","EthMode":null},{"Pool":"NiceHash","Algorithm":"Cuckatoo31","CoinName":"","CoinSymbol":"","Currency":"BTC","Protocol":"stratum+tcp","Host":"grincuckatoo31.eu-west.nicehash.com","Port":3372,"User":"3PfUUT1Tknfyd4SnYrEwwpUEAQEzWd2BuD.mrx","Pass":"x","Region":"CentralEurope","SSL":false,"Wallet":"3PfUUT1Tknfyd4SnYrEwwpUEAQEzWd2BuD","Worker":"mrx","EthMode":null},{"Pool":"NiceHash","Algorithm":"Cuckatoo31","CoinName":"","CoinSymbol":"","Currency":"BTC","Protocol":"stratum+tcp","Host":"grincuckatoo31.eu-north.nicehash.com","Port":3372,"User":"3PfUUT1Tknfyd4SnYrEwwpUEAQEzWd2BuD.mrx","Pass":"x","Region":"NorthernEurope","SSL":false,"Wallet":"3PfUUT1Tknfyd4SnYrEwwpUEAQEzWd2BuD","Worker":"mrx","EthMode":null},{"Pool":"NiceHash","Algorithm":"Cuckatoo31","CoinName":"","CoinSymbol":"","Currency":"BTC","Protocol":"stratum+tcp","Host":"grincuckatoo31.usa-west.nicehash.com","Port":3372,"User":"3PfUUT1Tknfyd4SnYrEwwpUEAQEzWd2BuD.mrx","Pass":"x","Region":"USWest","SSL":false,"Wallet":"3PfUUT1Tknfyd4SnYrEwwpUEAQEzWd2BuD","Worker":"mrx","EthMode":null},{"Pool":"NiceHash","Algorithm":"Cuckatoo31","CoinName":"","CoinSymbol":"","Currency":"BTC","Protocol":"stratum+tcp","Host":"grincuckatoo31.usa-east.nicehash.com","Port":3372,"User":"3PfUUT1Tknfyd4SnYrEwwpUEAQEzWd2BuD.mrx","Pass":"x","Region":"USEast","SSL":false,"Wallet":"3PfUUT1Tknfyd4SnYrEwwpUEAQEzWd2BuD","Worker":"mrx","EthMode":null},{"Pool":"NiceHash","Algorithm":"CuckooCycle","CoinName":"Aeternity","CoinSymbol":"AE","Currency":"BTC","Protocol":"stratum+tcp","Host":"cuckoocycle.eu-west.nicehash.com","Port":3376,"User":"3PfUUT1Tknfyd4SnYrEwwpUEAQEzWd2BuD.mrx","Pass":"x","Region":"CentralEurope","SSL":false,"Wallet":"3PfUUT1Tknfyd4SnYrEwwpUEAQEzWd2BuD","Worker":"mrx","EthMode":null},{"Pool":"NiceHash","Algorithm":"CuckooCycle","CoinName":"Aeternity","CoinSymbol":"AE","Currency":"BTC","Protocol":"stratum+tcp","Host":"cuckoocycle.eu-north.nicehash.com","Port":3376,"User":"3PfUUT1Tknfyd4SnYrEwwpUEAQEzWd2BuD.mrx","Pass":"x","Region":"NorthernEurope","SSL":false,"Wallet":"3PfUUT1Tknfyd4SnYrEwwpUEAQEzWd2BuD","Worker":"mrx","EthMode":null},{"Pool":"NiceHash","Algorithm":"CuckooCycle","CoinName":"Aeternity","CoinSymbol":"AE","Currency":"BTC","Protocol":"stratum+tcp","Host":"cuckoocycle.usa-west.nicehash.com","Port":3376,"User":"3PfUUT1Tknfyd4SnYrEwwpUEAQEzWd2BuD.mrx","Pass":"x","Region":"USWest","SSL":false,"Wallet":"3PfUUT1Tknfyd4SnYrEwwpUEAQEzWd2BuD","Worker":"mrx","EthMode":null},{"Pool":"NiceHash","Algorithm":"CuckooCycle","CoinName":"Aeternity","CoinSymbol":"AE","Currency":"BTC","Protocol":"stratum+tcp","Host":"cuckoocycle.usa-east.nicehash.com","Port":3376,"User":"3PfUUT1Tknfyd4SnYrEwwpUEAQEzWd2BuD.mrx","Pass":"x","Region":"USEast","SSL":false,"Wallet":"3PfUUT1Tknfyd4SnYrEwwpUEAQEzWd2BuD","Worker":"mrx","EthMode":null},{"Pool":"NiceHash","Algorithm":"Cuckatoo32","CoinName":"","CoinSymbol":"","Currency":"BTC","Protocol":"stratum+tcp","Host":"grincuckatoo32.eu-west.nicehash.com","Port":3383,"User":"3PfUUT1Tknfyd4SnYrEwwpUEAQEzWd2BuD.mrx","Pass":"x","Region":"CentralEurope","SSL":false,"Wallet":"3PfUUT1Tknfyd4SnYrEwwpUEAQEzWd2BuD","Worker":"mrx","EthMode":null},{"Pool":"NiceHash","Algorithm":"Cuckatoo32","CoinName":"","CoinSymbol":"","Currency":"BTC","Protocol":"stratum+tcp","Host":"grincuckatoo32.eu-north.nicehash.com","Port":3383,"User":"3PfUUT1Tknfyd4SnYrEwwpUEAQEzWd2BuD.mrx","Pass":"x","Region":"NorthernEurope","SSL":false,"Wallet":"3PfUUT1Tknfyd4SnYrEwwpUEAQEzWd2BuD","Worker":"mrx","EthMode":null},{"Pool":"NiceHash","Algorithm":"Cuckatoo32","CoinName":"","CoinSymbol":"","Currency":"BTC","Protocol":"stratum+tcp","Host":"grincuckatoo32.usa-west.nicehash.com","Port":3383,"User":"3PfUUT1Tknfyd4SnYrEwwpUEAQEzWd2BuD.mrx","Pass":"x","Region":"USWest","SSL":false,"Wallet":"3PfUUT1Tknfyd4SnYrEwwpUEAQEzWd2BuD","Worker":"mrx","EthMode":null},{"Pool":"NiceHash","Algorithm":"Cuckatoo32","CoinName":"","CoinSymbol":"","Currency":"BTC","Protocol":"stratum+tcp","Host":"grincuckatoo32.usa-east.nicehash.com","Port":3383,"User":"3PfUUT1Tknfyd4SnYrEwwpUEAQEzWd2BuD.mrx","Pass":"x","Region":"USEast","SSL":false,"Wallet":"3PfUUT1Tknfyd4SnYrEwwpUEAQEzWd2BuD","Worker":"mrx","EthMode":null},{"Pool":"HeroMiners","Algorithm":"Cuckaroo29b","CoinName":"Bittube","CoinSymbol":"TUBE","Currency":"TUBE","Protocol":"stratum+tcp","Host":"bittube.herominers.com","Port":1120,"User":"Tubsa7vpZgy3qmUF5oveVRHYVcitTPpNxZZN9P4znzuXgo4jvCkzUphgXpSX2NgoQy6oNm6JgpXUpa3fYHUs2ne3NunC3zprjEY","Pass":"mrx","Region":"Germany","SSL":false,"Wallet":"Tubsa7vpZgy3qmUF5oveVRHYVcitTPpNxZZN9P4znzuXgo4jvCkzUphgXpSX2NgoQy6oNm6JgpXUpa3fYHUs2ne3NunC3zprjEY","Worker":"mrx","EthMode":null},{"Pool":"HeroMiners","Algorithm":"Argon2ChukwaV2","CoinName":"Turtle","CoinSymbol":"TRTL","Currency":"TRTL","Protocol":"stratum+tcp","Host":"turtlecoin.herominers.com","Port":1160,"User":"TRTLv1Hqo3wHdqLRXuCyX3MwvzKyxzwXeBtycnkDy8ceFp4E23bm3P467xLEbUusH6Q1mqQUBiYwJ2yULJbvr5nKe8kcyc4uyps+2b66ef38b93ed6d9c9bfe9af2ebc2e830eb422f9a0c9c0e9147e55fc2579da0f","Pass":"mrx","Region":"Germany","SSL":false,"Wallet":"TRTLv1Hqo3wHdqLRXuCyX3MwvzKyxzwXeBtycnkDy8ceFp4E23bm3P467xLEbUusH6Q1mqQUBiYwJ2yULJbvr5nKe8kcyc4uyps+2b66ef38b93ed6d9c9bfe9af2ebc2e830eb422f9a0c9c0e9147e55fc2579da0f","Worker":"mrx","EthMode":null},{"Pool":"ZergPool","Algorithm":"CryptoNightLiteUpx2","CoinName":"Uplexa","CoinSymbol":"UPX","Currency":"BTC","Protocol":"stratum+tcp","Host":"cryptonight_upx.mine.zergpool.com","Port":4457,"User":"3DxRETpBoXKrEBQxFb2HsPmG6apxHmKmUx","Pass":"ID=mrx","Region":"US","SSL":false,"Wallet":"3DxRETpBoXKrEBQxFb2HsPmG6apxHmKmUx","Worker":"mrx","EthMode":null},{"Pool":"ZergPool","Algorithm":"CpuPower","CoinName":"CPUchain","CoinSymbol":"CPU","Currency":"BTC","Protocol":"stratum+tcp","Host":"cpupower.mine.zergpool.com","Port":4250,"User":"3DxRETpBoXKrEBQxFb2HsPmG6apxHmKmUx","Pass":"ID=mrx","Region":"US","SSL":false,"Wallet":"3DxRETpBoXKrEBQxFb2HsPmG6apxHmKmUx","Worker":"mrx","EthMode":null},{"Pool":"2MinersAE","Algorithm":"Ethash","CoinName":"Ethereum","CoinSymbol":"ETH","Currency":"BTC","Protocol":"stratum+tcp","Host":"asia-eth.2miners.com","Port":2020,"User":"3DxRETpBoXKrEBQxFb2HsPmG6apxHmKmUx.mrx","Pass":"x","Region":"Asia","SSL":false,"Wallet":"3DxRETpBoXKrEBQxFb2HsPmG6apxHmKmUx","Worker":"mrx","EthMode":"ethproxy"},{"Pool":"2MinersAE","Algorithm":"Ethash","CoinName":"Ethereum","CoinSymbol":"ETH","Currency":"BTC","Protocol":"stratum+tcp","Host":"eth.2miners.com","Port":2020,"User":"3DxRETpBoXKrEBQxFb2HsPmG6apxHmKmUx.mrx","Pass":"x","Region":"CentralEurope","SSL":false,"Wallet":"3DxRETpBoXKrEBQxFb2HsPmG6apxHmKmUx","Worker":"mrx","EthMode":"ethproxy"},{"Pool":"2MinersAE","Algorithm":"Ethash","CoinName":"Ethereum","CoinSymbol":"ETH","Currency":"BTC","Protocol":"stratum+tcp","Host":"us-eth.2miners.com","Port":2020,"User":"3DxRETpBoXKrEBQxFb2HsPmG6apxHmKmUx.mrx","Pass":"x","Region":"US","SSL":false,"Wallet":"3DxRETpBoXKrEBQxFb2HsPmG6apxHmKmUx","Worker":"mrx","EthMode":"ethproxy"},{"Pool":"NiceHash","Algorithm":"Equihash24x5","CoinName":"","CoinSymbol":"","Currency":"BTC","Protocol":"stratum+tcp","Host":"zhash.eu-west.nicehash.com","Port":3369,"User":"3PfUUT1Tknfyd4SnYrEwwpUEAQEzWd2BuD.mrx","Pass":"x","Region":"CentralEurope","SSL":false,"Wallet":"3PfUUT1Tknfyd4SnYrEwwpUEAQEzWd2BuD","Worker":"mrx","EthMode":null},{"Pool":"NiceHash","Algorithm":"Equihash24x5","CoinName":"","CoinSymbol":"","Currency":"BTC","Protocol":"stratum+tcp","Host":"zhash.eu-north.nicehash.com","Port":3369,"User":"3PfUUT1Tknfyd4SnYrEwwpUEAQEzWd2BuD.mrx","Pass":"x","Region":"NorthernEurope","SSL":false,"Wallet":"3PfUUT1Tknfyd4SnYrEwwpUEAQEzWd2BuD","Worker":"mrx","EthMode":null},{"Pool":"NiceHash","Algorithm":"Equihash24x5","CoinName":"","CoinSymbol":"","Currency":"BTC","Protocol":"stratum+tcp","Host":"zhash.usa-west.nicehash.com","Port":3369,"User":"3PfUUT1Tknfyd4SnYrEwwpUEAQEzWd2BuD.mrx","Pass":"x","Region":"USWest","SSL":false,"Wallet":"3PfUUT1Tknfyd4SnYrEwwpUEAQEzWd2BuD","Worker":"mrx","EthMode":null},{"Pool":"NiceHash","Algorithm":"Equihash24x5","CoinName":"","CoinSymbol":"","Currency":"BTC","Protocol":"stratum+tcp","Host":"zhash.usa-east.nicehash.com","Port":3369,"User":"3PfUUT1Tknfyd4SnYrEwwpUEAQEzWd2BuD.mrx","Pass":"x","Region":"USEast","SSL":false,"Wallet":"3PfUUT1Tknfyd4SnYrEwwpUEAQEzWd2BuD","Worker":"mrx","EthMode":null},{"Pool":"NiceHash","Algorithm":"BeamHash3","CoinName":"Beam","CoinSymbol":"BEAM","Currency":"BTC","Protocol":"stratum+tcp","Host":"beamv3.eu-west.nicehash.com","Port":3387,"User":"3PfUUT1Tknfyd4SnYrEwwpUEAQEzWd2BuD.mrx","Pass":"x","Region":"CentralEurope","SSL":false,"Wallet":"3PfUUT1Tknfyd4SnYrEwwpUEAQEzWd2BuD","Worker":"mrx","EthMode":null},{"Pool":"NiceHash","Algorithm":"BeamHash3","CoinName":"Beam","CoinSymbol":"BEAM","Currency":"BTC","Protocol":"stratum+tcp","Host":"beamv3.eu-north.nicehash.com","Port":3387,"User":"3PfUUT1Tknfyd4SnYrEwwpUEAQEzWd2BuD.mrx","Pass":"x","Region":"NorthernEurope","SSL":false,"Wallet":"3PfUUT1Tknfyd4SnYrEwwpUEAQEzWd2BuD","Worker":"mrx","EthMode":null},{"Pool":"NiceHash","Algorithm":"BeamHash3","CoinName":"Beam","CoinSymbol":"BEAM","Currency":"BTC","Protocol":"stratum+tcp","Host":"beamv3.usa-west.nicehash.com","Port":3387,"User":"3PfUUT1Tknfyd4SnYrEwwpUEAQEzWd2BuD.mrx","Pass":"x","Region":"USWest","SSL":false,"Wallet":"3PfUUT1Tknfyd4SnYrEwwpUEAQEzWd2BuD","Worker":"mrx","EthMode":null},{"Pool":"NiceHash","Algorithm":"BeamHash3","CoinName":"Beam","CoinSymbol":"BEAM","Currency":"BTC","Protocol":"stratum+tcp","Host":"beamv3.usa-east.nicehash.com","Port":3387,"User":"3PfUUT1Tknfyd4SnYrEwwpUEAQEzWd2BuD.mrx","Pass":"x","Region":"USEast","SSL":false,"Wallet":"3PfUUT1Tknfyd4SnYrEwwpUEAQEzWd2BuD","Worker":"mrx","EthMode":null},{"Pool":"ZergPool","Algorithm":"Equihash24x7","CoinName":null,"CoinSymbol":null,"Currency":"BTC","Protocol":"stratum+tcp","Host":"equihash192.mine.zergpool.com","Port":2144,"User":"3DxRETpBoXKrEBQxFb2HsPmG6apxHmKmUx","Pass":"ID=mrx","Region":"US","SSL":false,"Wallet":"3DxRETpBoXKrEBQxFb2HsPmG6apxHmKmUx","Worker":"mrx","EthMode":null},{"Pool":"ZergPool","Algorithm":"EquihashR25x4","CoinName":"Flux","CoinSymbol":"FLUX","Currency":"BTC","Protocol":"stratum+tcp","Host":"equihash125.mine.zergpool.com","Port":2150,"User":"3DxRETpBoXKrEBQxFb2HsPmG6apxHmKmUx","Pass":"ID=mrx","Region":"US","SSL":false,"Wallet":"3DxRETpBoXKrEBQxFb2HsPmG6apxHmKmUx","Worker":"mrx","EthMode":null},{"Pool":"Aionmine","Algorithm":"Equihash21x9","CoinName":"Aion","CoinSymbol":"AION","Currency":"AION","Protocol":"stratum+tcp","Host":"pool.aionmine.org","Port":3333,"User":"0xa0b56597341b33190e50e5dbb03cd81a49e6afec0e764dabb71275ad96aeb6db.mrx","Pass":"x","Region":"CentralEurope","SSL":false,"Wallet":"0xa0b56597341b33190e50e5dbb03cd81a49e6afec0e764dabb71275ad96aeb6db","Worker":"mrx","EthMode":null},{"Pool":"NiceHash","Algorithm":"Equihash","CoinName":"","CoinSymbol":"","Currency":"BTC","Protocol":"stratum+tcp","Host":"equihash.eu-west.nicehash.com","Port":3357,"User":"3PfUUT1Tknfyd4SnYrEwwpUEAQEzWd2BuD.mrx","Pass":"x","Region":"CentralEurope","SSL":false,"Wallet":"3PfUUT1Tknfyd4SnYrEwwpUEAQEzWd2BuD","Worker":"mrx","EthMode":null},{"Pool":"NiceHash","Algorithm":"Equihash","CoinName":"","CoinSymbol":"","Currency":"BTC","Protocol":"stratum+tcp","Host":"equihash.eu-north.nicehash.com","Port":3357,"User":"3PfUUT1Tknfyd4SnYrEwwpUEAQEzWd2BuD.mrx","Pass":"x","Region":"NorthernEurope","SSL":false,"Wallet":"3PfUUT1Tknfyd4SnYrEwwpUEAQEzWd2BuD","Worker":"mrx","EthMode":null},{"Pool":"NiceHash","Algorithm":"Equihash","CoinName":"","CoinSymbol":"","Currency":"BTC","Protocol":"stratum+tcp","Host":"equihash.usa-west.nicehash.com","Port":3357,"User":"3PfUUT1Tknfyd4SnYrEwwpUEAQEzWd2BuD.mrx","Pass":"x","Region":"USWest","SSL":false,"Wallet":"3PfUUT1Tknfyd4SnYrEwwpUEAQEzWd2BuD","Worker":"mrx","EthMode":null},{"Pool":"NiceHash","Algorithm":"Equihash","CoinName":"","CoinSymbol":"","Currency":"BTC","Protocol":"stratum+tcp","Host":"equihash.usa-east.nicehash.com","Port":3357,"User":"3PfUUT1Tknfyd4SnYrEwwpUEAQEzWd2BuD.mrx","Pass":"x","Region":"USEast","SSL":false,"Wallet":"3PfUUT1Tknfyd4SnYrEwwpUEAQEzWd2BuD","Worker":"mrx","EthMode":null},{"Pool":"NiceHash","Algorithm":"Eaglesong","CoinName":"CKB","CoinSymbol":"CKB","Currency":"BTC","Protocol":"stratum+tcp","Host":"eaglesong.eu-west.nicehash.com","Port":3381,"User":"3PfUUT1Tknfyd4SnYrEwwpUEAQEzWd2BuD.mrx","Pass":"x","Region":"CentralEurope","SSL":false,"Wallet":"3PfUUT1Tknfyd4SnYrEwwpUEAQEzWd2BuD","Worker":"mrx","EthMode":null},{"Pool":"NiceHash","Algorithm":"Eaglesong","CoinName":"CKB","CoinSymbol":"CKB","Currency":"BTC","Protocol":"stratum+tcp","Host":"eaglesong.eu-north.nicehash.com","Port":3381,"User":"3PfUUT1Tknfyd4SnYrEwwpUEAQEzWd2BuD.mrx","Pass":"x","Region":"NorthernEurope","SSL":false,"Wallet":"3PfUUT1Tknfyd4SnYrEwwpUEAQEzWd2BuD","Worker":"mrx","EthMode":null},{"Pool":"NiceHash","Algorithm":"Eaglesong","CoinName":"CKB","CoinSymbol":"CKB","Currency":"BTC","Protocol":"stratum+tcp","Host":"eaglesong.usa-west.nicehash.com","Port":3381,"User":"3PfUUT1Tknfyd4SnYrEwwpUEAQEzWd2BuD.mrx","Pass":"x","Region":"USWest","SSL":false,"Wallet":"3PfUUT1Tknfyd4SnYrEwwpUEAQEzWd2BuD","Worker":"mrx","EthMode":null},{"Pool":"NiceHash","Algorithm":"Eaglesong","CoinName":"CKB","CoinSymbol":"CKB","Currency":"BTC","Protocol":"stratum+tcp","Host":"eaglesong.usa-east.nicehash.com","Port":3381,"User":"3PfUUT1Tknfyd4SnYrEwwpUEAQEzWd2BuD.mrx","Pass":"x","Region":"USEast","SSL":false,"Wallet":"3PfUUT1Tknfyd4SnYrEwwpUEAQEzWd2BuD","Worker":"mrx","EthMode":null},{"Pool":"Ethermine","Algorithm":"EtcHash","CoinName":"EtherClassic","CoinSymbol":"ETC","Currency":"ETC","Protocol":"stratum+tcp","Host":"asia1-etc.ethermine.org","Port":4444,"User":"0x7f3E62e5bb0601bA52f0813Cb818279f40aB14BC.mrx","Pass":"x","Region":"Asia","SSL":false,"Wallet":"0x7f3E62e5bb0601bA52f0813Cb818279f40aB14BC","Worker":"mrx","EthMode":"qtminer"},{"Pool":"Ethermine","Algorithm":"EtcHash","CoinName":"EtherClassic","CoinSymbol":"ETC","Currency":"ETC","Protocol":"stratum+tcp","Host":"eu1-etc.ethermine.org","Port":4444,"User":"0x7f3E62e5bb0601bA52f0813Cb818279f40aB14BC.mrx","Pass":"x","Region":"CentralEurope","SSL":false,"Wallet":"0x7f3E62e5bb0601bA52f0813Cb818279f40aB14BC","Worker":"mrx","EthMode":"qtminer"},{"Pool":"Ethermine","Algorithm":"EtcHash","CoinName":"EtherClassic","CoinSymbol":"ETC","Currency":"ETC","Protocol":"stratum+tcp","Host":"us1-etc.ethermine.org","Port":4444,"User":"0x7f3E62e5bb0601bA52f0813Cb818279f40aB14BC.mrx","Pass":"x","Region":"USEast","SSL":false,"Wallet":"0x7f3E62e5bb0601bA52f0813Cb818279f40aB14BC","Worker":"mrx","EthMode":"qtminer"},{"Pool":"ZergPool","Algorithm":"FiroPoW","CoinName":"Firo","CoinSymbol":"FIRO","Currency":"BTC","Protocol":"stratum+tcp","Host":"firopow.mine.zergpool.com","Port":3001,"User":"3DxRETpBoXKrEBQxFb2HsPmG6apxHmKmUx","Pass":"ID=mrx","Region":"US","SSL":false,"Wallet":"3DxRETpBoXKrEBQxFb2HsPmG6apxHmKmUx","Worker":"mrx","EthMode":"stratum"},{"Pool":"ZergPool","Algorithm":"Groestl","CoinName":"Groestl","CoinSymbol":"GRS","Currency":"BTC","Protocol":"stratum+tcp","Host":"groestl.mine.zergpool.com","Port":5333,"User":"3DxRETpBoXKrEBQxFb2HsPmG6apxHmKmUx","Pass":"ID=mrx","Region":"US","SSL":false,"Wallet":"3DxRETpBoXKrEBQxFb2HsPmG6apxHmKmUx","Worker":"mrx","EthMode":null},{"Pool":"ZergPool","Algorithm":"Take2","CoinName":"Raptoreum","CoinSymbol":"RTM","Currency":"BTC","Protocol":"stratum+tcp","Host":"ghostrider.mine.zergpool.com","Port":5354,"User":"3DxRETpBoXKrEBQxFb2HsPmG6apxHmKmUx","Pass":"ID=mrx","Region":"US","SSL":false,"Wallet":"3DxRETpBoXKrEBQxFb2HsPmG6apxHmKmUx","Worker":"mrx","EthMode":null},{"Pool":"ZergPool","Algorithm":"HMQ1725","CoinName":null,"CoinSymbol":null,"Currency":"BTC","Protocol":"stratum+tcp","Host":"hmq1725.mine.zergpool.com","Port":3747,"User":"3DxRETpBoXKrEBQxFb2HsPmG6apxHmKmUx","Pass":"ID=mrx","Region":"US","SSL":false,"Wallet":"3DxRETpBoXKrEBQxFb2HsPmG6apxHmKmUx","Worker":"mrx","EthMode":null},{"Pool":"Zpool","Algorithm":"Honeycomb","CoinName":"GlobalToken","CoinSymbol":"GLT","Currency":"BTC","Protocol":"stratum+tcp","Host":"honeycomb.na.mine.zpool.ca","Port":3757,"User":"3DxRETpBoXKrEBQxFb2HsPmG6apxHmKmUx","Pass":"mrx","Region":"US","SSL":false,"Wallet":"3DxRETpBoXKrEBQxFb2HsPmG6apxHmKmUx","Worker":"mrx","EthMode":null},{"Pool":"Zpool","Algorithm":"Honeycomb","CoinName":"GlobalToken","CoinSymbol":"GLT","Currency":"BTC","Protocol":"stratum+tcp","Host":"honeycomb.eu.mine.zpool.ca","Port":3757,"User":"3DxRETpBoXKrEBQxFb2HsPmG6apxHmKmUx","Pass":"mrx","Region":"CentralEurope","SSL":false,"Wallet":"3DxRETpBoXKrEBQxFb2HsPmG6apxHmKmUx","Worker":"mrx","EthMode":null},{"Pool":"Zpool","Algorithm":"Honeycomb","CoinName":"GlobalToken","CoinSymbol":"GLT","Currency":"BTC","Protocol":"stratum+tcp","Host":"honeycomb.sea.mine.zpool.ca","Port":3757,"User":"3DxRETpBoXKrEBQxFb2HsPmG6apxHmKmUx","Pass":"mrx","Region":"SoutheastAsia","SSL":false,"Wallet":"3DxRETpBoXKrEBQxFb2HsPmG6apxHmKmUx","Worker":"mrx","EthMode":null},{"Pool":"Zpool","Algorithm":"Honeycomb","CoinName":"GlobalToken","CoinSymbol":"GLT","Currency":"BTC","Protocol":"stratum+tcp","Host":"honeycomb.jp.mine.zpool.ca","Port":3757,"User":"3DxRETpBoXKrEBQxFb2HsPmG6apxHmKmUx","Pass":"mrx","Region":"Japan","SSL":false,"Wallet":"3DxRETpBoXKrEBQxFb2HsPmG6apxHmKmUx","Worker":"mrx","EthMode":null},{"Pool":"ZergPool","Algorithm":"HeavyHash","CoinName":null,"CoinSymbol":null,"Currency":"BTC","Protocol":"stratum+tcp","Host":"heavyhash.mine.zergpool.com","Port":5137,"User":"3DxRETpBoXKrEBQxFb2HsPmG6apxHmKmUx","Pass":"ID=mrx","Region":"US","SSL":false,"Wallet":"3DxRETpBoXKrEBQxFb2HsPmG6apxHmKmUx","Worker":"mrx","EthMode":null},{"Pool":"NiceHash","Algorithm":"KawPOW","CoinName":"","CoinSymbol":"","Currency":"BTC","Protocol":"stratum+tcp","Host":"kawpow.eu-west.nicehash.com","Port":3385,"User":"3PfUUT1Tknfyd4SnYrEwwpUEAQEzWd2BuD.mrx","Pass":"x","Region":"CentralEurope","SSL":false,"Wallet":"3PfUUT1Tknfyd4SnYrEwwpUEAQEzWd2BuD","Worker":"mrx","EthMode":"stratum"},{"Pool":"NiceHash","Algorithm":"KawPOW","CoinName":"","CoinSymbol":"","Currency":"BTC","Protocol":"stratum+tcp","Host":"kawpow.eu-north.nicehash.com","Port":3385,"User":"3PfUUT1Tknfyd4SnYrEwwpUEAQEzWd2BuD.mrx","Pass":"x","Region":"NorthernEurope","SSL":false,"Wallet":"3PfUUT1Tknfyd4SnYrEwwpUEAQEzWd2BuD","Worker":"mrx","EthMode":"stratum"},{"Pool":"NiceHash","Algorithm":"KawPOW","CoinName":"","CoinSymbol":"","Currency":"BTC","Protocol":"stratum+tcp","Host":"kawpow.usa-west.nicehash.com","Port":3385,"User":"3PfUUT1Tknfyd4SnYrEwwpUEAQEzWd2BuD.mrx","Pass":"x","Region":"USWest","SSL":false,"Wallet":"3PfUUT1Tknfyd4SnYrEwwpUEAQEzWd2BuD","Worker":"mrx","EthMode":"stratum"},{"Pool":"NiceHash","Algorithm":"KawPOW","CoinName":"","CoinSymbol":"","Currency":"BTC","Protocol":"stratum+tcp","Host":"kawpow.usa-east.nicehash.com","Port":3385,"User":"3PfUUT1Tknfyd4SnYrEwwpUEAQEzWd2BuD.mrx","Pass":"x","Region":"USEast","SSL":false,"Wallet":"3PfUUT1Tknfyd4SnYrEwwpUEAQEzWd2BuD","Worker":"mrx","EthMode":"stratum"},{"Pool":"NiceHash","Algorithm":"Lbry","CoinName":"Lbryio","CoinSymbol":"LBC","Currency":"BTC","Protocol":"stratum+tcp","Host":"lbry.eu-west.nicehash.com","Port":3356,"User":"3PfUUT1Tknfyd4SnYrEwwpUEAQEzWd2BuD.mrx","Pass":"x","Region":"CentralEurope","SSL":false,"Wallet":"3PfUUT1Tknfyd4SnYrEwwpUEAQEzWd2BuD","Worker":"mrx","EthMode":null},{"Pool":"NiceHash","Algorithm":"Lbry","CoinName":"Lbryio","CoinSymbol":"LBC","Currency":"BTC","Protocol":"stratum+tcp","Host":"lbry.eu-north.nicehash.com","Port":3356,"User":"3PfUUT1Tknfyd4SnYrEwwpUEAQEzWd2BuD.mrx","Pass":"x","Region":"NorthernEurope","SSL":false,"Wallet":"3PfUUT1Tknfyd4SnYrEwwpUEAQEzWd2BuD","Worker":"mrx","EthMode":null},{"Pool":"NiceHash","Algorithm":"Lbry","CoinName":"Lbryio","CoinSymbol":"LBC","Currency":"BTC","Protocol":"stratum+tcp","Host":"lbry.usa-west.nicehash.com","Port":3356,"User":"3PfUUT1Tknfyd4SnYrEwwpUEAQEzWd2BuD.mrx","Pass":"x","Region":"USWest","SSL":false,"Wallet":"3PfUUT1Tknfyd4SnYrEwwpUEAQEzWd2BuD","Worker":"mrx","EthMode":null},{"Pool":"NiceHash","Algorithm":"Lbry","CoinName":"Lbryio","CoinSymbol":"LBC","Currency":"BTC","Protocol":"stratum+tcp","Host":"lbry.usa-east.nicehash.com","Port":3356,"User":"3PfUUT1Tknfyd4SnYrEwwpUEAQEzWd2BuD.mrx","Pass":"x","Region":"USEast","SSL":false,"Wallet":"3PfUUT1Tknfyd4SnYrEwwpUEAQEzWd2BuD","Worker":"mrx","EthMode":null},{"Pool":"NiceHash","Algorithm":"Lyra2RE2","CoinName":"","CoinSymbol":"","Currency":"BTC","Protocol":"stratum+tcp","Host":"lyra2rev2.eu-west.nicehash.com","Port":3347,"User":"3PfUUT1Tknfyd4SnYrEwwpUEAQEzWd2BuD.mrx","Pass":"x","Region":"CentralEurope","SSL":false,"Wallet":"3PfUUT1Tknfyd4SnYrEwwpUEAQEzWd2BuD","Worker":"mrx","EthMode":null},{"Pool":"NiceHash","Algorithm":"Lyra2RE2","CoinName":"","CoinSymbol":"","Currency":"BTC","Protocol":"stratum+tcp","Host":"lyra2rev2.eu-north.nicehash.com","Port":3347,"User":"3PfUUT1Tknfyd4SnYrEwwpUEAQEzWd2BuD.mrx","Pass":"x","Region":"NorthernEurope","SSL":false,"Wallet":"3PfUUT1Tknfyd4SnYrEwwpUEAQEzWd2BuD","Worker":"mrx","EthMode":null},{"Pool":"NiceHash","Algorithm":"Lyra2RE2","CoinName":"","CoinSymbol":"","Currency":"BTC","Protocol":"stratum+tcp","Host":"lyra2rev2.usa-west.nicehash.com","Port":3347,"User":"3PfUUT1Tknfyd4SnYrEwwpUEAQEzWd2BuD.mrx","Pass":"x","Region":"USWest","SSL":false,"Wallet":"3PfUUT1Tknfyd4SnYrEwwpUEAQEzWd2BuD","Worker":"mrx","EthMode":null},{"Pool":"NiceHash","Algorithm":"Lyra2RE2","CoinName":"","CoinSymbol":"","Currency":"BTC","Protocol":"stratum+tcp","Host":"lyra2rev2.usa-east.nicehash.com","Port":3347,"User":"3PfUUT1Tknfyd4SnYrEwwpUEAQEzWd2BuD.mrx","Pass":"x","Region":"USEast","SSL":false,"Wallet":"3PfUUT1Tknfyd4SnYrEwwpUEAQEzWd2BuD","Worker":"mrx","EthMode":null},{"Pool":"NiceHash","Algorithm":"Lyra2RE3","CoinName":"","CoinSymbol":"","Currency":"BTC","Protocol":"stratum+tcp","Host":"lyra2rev3.eu-west.nicehash.com","Port":3373,"User":"3PfUUT1Tknfyd4SnYrEwwpUEAQEzWd2BuD.mrx","Pass":"x","Region":"CentralEurope","SSL":false,"Wallet":"3PfUUT1Tknfyd4SnYrEwwpUEAQEzWd2BuD","Worker":"mrx","EthMode":null},{"Pool":"NiceHash","Algorithm":"Lyra2RE3","CoinName":"","CoinSymbol":"","Currency":"BTC","Protocol":"stratum+tcp","Host":"lyra2rev3.eu-north.nicehash.com","Port":3373,"User":"3PfUUT1Tknfyd4SnYrEwwpUEAQEzWd2BuD.mrx","Pass":"x","Region":"NorthernEurope","SSL":false,"Wallet":"3PfUUT1Tknfyd4SnYrEwwpUEAQEzWd2BuD","Worker":"mrx","EthMode":null},{"Pool":"NiceHash","Algorithm":"Lyra2RE3","CoinName":"","CoinSymbol":"","Currency":"BTC","Protocol":"stratum+tcp","Host":"lyra2rev3.usa-west.nicehash.com","Port":3373,"User":"3PfUUT1Tknfyd4SnYrEwwpUEAQEzWd2BuD.mrx","Pass":"x","Region":"USWest","SSL":false,"Wallet":"3PfUUT1Tknfyd4SnYrEwwpUEAQEzWd2BuD","Worker":"mrx","EthMode":null},{"Pool":"NiceHash","Algorithm":"Lyra2RE3","CoinName":"","CoinSymbol":"","Currency":"BTC","Protocol":"stratum+tcp","Host":"lyra2rev3.usa-east.nicehash.com","Port":3373,"User":"3PfUUT1Tknfyd4SnYrEwwpUEAQEzWd2BuD.mrx","Pass":"x","Region":"USEast","SSL":false,"Wallet":"3PfUUT1Tknfyd4SnYrEwwpUEAQEzWd2BuD","Worker":"mrx","EthMode":null},{"Pool":"NiceHash","Algorithm":"Lyra2z","CoinName":"","CoinSymbol":"","Currency":"BTC","Protocol":"stratum+tcp","Host":"lyra2z.eu-west.nicehash.com","Port":3365,"User":"3PfUUT1Tknfyd4SnYrEwwpUEAQEzWd2BuD.mrx","Pass":"x","Region":"CentralEurope","SSL":false,"Wallet":"3PfUUT1Tknfyd4SnYrEwwpUEAQEzWd2BuD","Worker":"mrx","EthMode":null},{"Pool":"NiceHash","Algorithm":"Lyra2z","CoinName":"","CoinSymbol":"","Currency":"BTC","Protocol":"stratum+tcp","Host":"lyra2z.eu-north.nicehash.com","Port":3365,"User":"3PfUUT1Tknfyd4SnYrEwwpUEAQEzWd2BuD.mrx","Pass":"x","Region":"NorthernEurope","SSL":false,"Wallet":"3PfUUT1Tknfyd4SnYrEwwpUEAQEzWd2BuD","Worker":"mrx","EthMode":null},{"Pool":"NiceHash","Algorithm":"Lyra2z","CoinName":"","CoinSymbol":"","Currency":"BTC","Protocol":"stratum+tcp","Host":"lyra2z.usa-west.nicehash.com","Port":3365,"User":"3PfUUT1Tknfyd4SnYrEwwpUEAQEzWd2BuD.mrx","Pass":"x","Region":"USWest","SSL":false,"Wallet":"3PfUUT1Tknfyd4SnYrEwwpUEAQEzWd2BuD","Worker":"mrx","EthMode":null},{"Pool":"NiceHash","Algorithm":"Lyra2z","CoinName":"","CoinSymbol":"","Currency":"BTC","Protocol":"stratum+tcp","Host":"lyra2z.usa-east.nicehash.com","Port":3365,"User":"3PfUUT1Tknfyd4SnYrEwwpUEAQEzWd2BuD.mrx","Pass":"x","Region":"USEast","SSL":false,"Wallet":"3PfUUT1Tknfyd4SnYrEwwpUEAQEzWd2BuD","Worker":"mrx","EthMode":null},{"Pool":"ZergPool","Algorithm":"Lyra2z330","CoinName":null,"CoinSymbol":null,"Currency":"BTC","Protocol":"stratum+tcp","Host":"lyra2z330.mine.zergpool.com","Port":4563,"User":"3DxRETpBoXKrEBQxFb2HsPmG6apxHmKmUx","Pass":"ID=mrx","Region":"US","SSL":false,"Wallet":"3DxRETpBoXKrEBQxFb2HsPmG6apxHmKmUx","Worker":"mrx","EthMode":null},{"Pool":"ZergPool","Algorithm":"MyriadGroestl","CoinName":null,"CoinSymbol":null,"Currency":"BTC","Protocol":"stratum+tcp","Host":"myr-gr.mine.zergpool.com","Port":5433,"User":"3DxRETpBoXKrEBQxFb2HsPmG6apxHmKmUx","Pass":"ID=mrx","Region":"US","SSL":false,"Wallet":"3DxRETpBoXKrEBQxFb2HsPmG6apxHmKmUx","Worker":"mrx","EthMode":null},{"Pool":"ZergPool","Algorithm":"ScryptN2","CoinName":"Bitcoin Subsidium","CoinSymbol":"XBTX","Currency":"BTC","Protocol":"stratum+tcp","Host":"scryptn2.mine.zergpool.com","Port":3435,"User":"3DxRETpBoXKrEBQxFb2HsPmG6apxHmKmUx","Pass":"ID=mrx","Region":"US","SSL":false,"Wallet":"3DxRETpBoXKrEBQxFb2HsPmG6apxHmKmUx","Worker":"mrx","EthMode":null},{"Pool":"NiceHash","Algorithm":"NeoScrypt","CoinName":"","CoinSymbol":"","Currency":"BTC","Protocol":"stratum+tcp","Host":"neoscrypt.eu-west.nicehash.com","Port":3341,"User":"3PfUUT1Tknfyd4SnYrEwwpUEAQEzWd2BuD.mrx","Pass":"x","Region":"CentralEurope","SSL":false,"Wallet":"3PfUUT1Tknfyd4SnYrEwwpUEAQEzWd2BuD","Worker":"mrx","EthMode":null},{"Pool":"NiceHash","Algorithm":"NeoScrypt","CoinName":"","CoinSymbol":"","Currency":"BTC","Protocol":"stratum+tcp","Host":"neoscrypt.eu-north.nicehash.com","Port":3341,"User":"3PfUUT1Tknfyd4SnYrEwwpUEAQEzWd2BuD.mrx","Pass":"x","Region":"NorthernEurope","SSL":false,"Wallet":"3PfUUT1Tknfyd4SnYrEwwpUEAQEzWd2BuD","Worker":"mrx","EthMode":null},{"Pool":"NiceHash","Algorithm":"NeoScrypt","CoinName":"","CoinSymbol":"","Currency":"BTC","Protocol":"stratum+tcp","Host":"neoscrypt.usa-west.nicehash.com","Port":3341,"User":"3PfUUT1Tknfyd4SnYrEwwpUEAQEzWd2BuD.mrx","Pass":"x","Region":"USWest","SSL":false,"Wallet":"3PfUUT1Tknfyd4SnYrEwwpUEAQEzWd2BuD","Worker":"mrx","EthMode":null},{"Pool":"NiceHash","Algorithm":"NeoScrypt","CoinName":"","CoinSymbol":"","Currency":"BTC","Protocol":"stratum+tcp","Host":"neoscrypt.usa-east.nicehash.com","Port":3341,"User":"3PfUUT1Tknfyd4SnYrEwwpUEAQEzWd2BuD.mrx","Pass":"x","Region":"USEast","SSL":false,"Wallet":"3PfUUT1Tknfyd4SnYrEwwpUEAQEzWd2BuD","Worker":"mrx","EthMode":null},{"Pool":"Zpool","Algorithm":"Nist5","CoinName":"GlobalToken","CoinSymbol":"GLT","Currency":"BTC","Protocol":"stratum+tcp","Host":"nist5.na.mine.zpool.ca","Port":3833,"User":"3DxRETpBoXKrEBQxFb2HsPmG6apxHmKmUx","Pass":"mrx","Region":"US","SSL":false,"Wallet":"3DxRETpBoXKrEBQxFb2HsPmG6apxHmKmUx","Worker":"mrx","EthMode":null},{"Pool":"Zpool","Algorithm":"Nist5","CoinName":"GlobalToken","CoinSymbol":"GLT","Currency":"BTC","Protocol":"stratum+tcp","Host":"nist5.eu.mine.zpool.ca","Port":3833,"User":"3DxRETpBoXKrEBQxFb2HsPmG6apxHmKmUx","Pass":"mrx","Region":"CentralEurope","SSL":false,"Wallet":"3DxRETpBoXKrEBQxFb2HsPmG6apxHmKmUx","Worker":"mrx","EthMode":null},{"Pool":"Zpool","Algorithm":"Nist5","CoinName":"GlobalToken","CoinSymbol":"GLT","Currency":"BTC","Protocol":"stratum+tcp","Host":"nist5.sea.mine.zpool.ca","Port":3833,"User":"3DxRETpBoXKrEBQxFb2HsPmG6apxHmKmUx","Pass":"mrx","Region":"SoutheastAsia","SSL":false,"Wallet":"3DxRETpBoXKrEBQxFb2HsPmG6apxHmKmUx","Worker":"mrx","EthMode":null},{"Pool":"Zpool","Algorithm":"Nist5","CoinName":"GlobalToken","CoinSymbol":"GLT","Currency":"BTC","Protocol":"stratum+tcp","Host":"nist5.jp.mine.zpool.ca","Port":3833,"User":"3DxRETpBoXKrEBQxFb2HsPmG6apxHmKmUx","Pass":"mrx","Region":"Japan","SSL":false,"Wallet":"3DxRETpBoXKrEBQxFb2HsPmG6apxHmKmUx","Worker":"mrx","EthMode":null},{"Pool":"NiceHash","Algorithm":"Octopus","CoinName":"Conflux","CoinSymbol":"CFX","Currency":"BTC","Protocol":"stratum+tcp","Host":"octopus.eu-west.nicehash.com","Port":3389,"User":"3PfUUT1Tknfyd4SnYrEwwpUEAQEzWd2BuD.mrx","Pass":"x","Region":"CentralEurope","SSL":false,"Wallet":"3PfUUT1Tknfyd4SnYrEwwpUEAQEzWd2BuD","Worker":"mrx","EthMode":null},{"Pool":"NiceHash","Algorithm":"Octopus","CoinName":"Conflux","CoinSymbol":"CFX","Currency":"BTC","Protocol":"stratum+tcp","Host":"octopus.eu-north.nicehash.com","Port":3389,"User":"3PfUUT1Tknfyd4SnYrEwwpUEAQEzWd2BuD.mrx","Pass":"x","Region":"NorthernEurope","SSL":false,"Wallet":"3PfUUT1Tknfyd4SnYrEwwpUEAQEzWd2BuD","Worker":"mrx","EthMode":null},{"Pool":"NiceHash","Algorithm":"Octopus","CoinName":"Conflux","CoinSymbol":"CFX","Currency":"BTC","Protocol":"stratum+tcp","Host":"octopus.usa-west.nicehash.com","Port":3389,"User":"3PfUUT1Tknfyd4SnYrEwwpUEAQEzWd2BuD.mrx","Pass":"x","Region":"USWest","SSL":false,"Wallet":"3PfUUT1Tknfyd4SnYrEwwpUEAQEzWd2BuD","Worker":"mrx","EthMode":null},{"Pool":"NiceHash","Algorithm":"Octopus","CoinName":"Conflux","CoinSymbol":"CFX","Currency":"BTC","Protocol":"stratum+tcp","Host":"octopus.usa-east.nicehash.com","Port":3389,"User":"3PfUUT1Tknfyd4SnYrEwwpUEAQEzWd2BuD.mrx","Pass":"x","Region":"USEast","SSL":false,"Wallet":"3PfUUT1Tknfyd4SnYrEwwpUEAQEzWd2BuD","Worker":"mrx","EthMode":null},{"Pool":"ZergPool","Algorithm":"PHI","CoinName":"BritishPoundCoin","CoinSymbol":"GPBS","Currency":"BTC","Protocol":"stratum+tcp","Host":"phi.mine.zergpool.com","Port":8337,"User":"3DxRETpBoXKrEBQxFb2HsPmG6apxHmKmUx","Pass":"ID=mrx","Region":"US","SSL":false,"Wallet":"3DxRETpBoXKrEBQxFb2HsPmG6apxHmKmUx","Worker":"mrx","EthMode":null},{"Pool":"Zpool","Algorithm":"PHI2","CoinName":"GlobalToken","CoinSymbol":"GLT","Currency":"BTC","Protocol":"stratum+tcp","Host":"phi2.na.mine.zpool.ca","Port":8332,"User":"3DxRETpBoXKrEBQxFb2HsPmG6apxHmKmUx","Pass":"mrx","Region":"US","SSL":false,"Wallet":"3DxRETpBoXKrEBQxFb2HsPmG6apxHmKmUx","Worker":"mrx","EthMode":null},{"Pool":"Zpool","Algorithm":"PHI2","CoinName":"GlobalToken","CoinSymbol":"GLT","Currency":"BTC","Protocol":"stratum+tcp","Host":"phi2.eu.mine.zpool.ca","Port":8332,"User":"3DxRETpBoXKrEBQxFb2HsPmG6apxHmKmUx","Pass":"mrx","Region":"CentralEurope","SSL":false,"Wallet":"3DxRETpBoXKrEBQxFb2HsPmG6apxHmKmUx","Worker":"mrx","EthMode":null},{"Pool":"Zpool","Algorithm":"PHI2","CoinName":"GlobalToken","CoinSymbol":"GLT","Currency":"BTC","Protocol":"stratum+tcp","Host":"phi2.sea.mine.zpool.ca","Port":8332,"User":"3DxRETpBoXKrEBQxFb2HsPmG6apxHmKmUx","Pass":"mrx","Region":"SoutheastAsia","SSL":false,"Wallet":"3DxRETpBoXKrEBQxFb2HsPmG6apxHmKmUx","Worker":"mrx","EthMode":null},{"Pool":"Zpool","Algorithm":"PHI2","CoinName":"GlobalToken","CoinSymbol":"GLT","Currency":"BTC","Protocol":"stratum+tcp","Host":"phi2.jp.mine.zpool.ca","Port":8332,"User":"3DxRETpBoXKrEBQxFb2HsPmG6apxHmKmUx","Pass":"mrx","Region":"Japan","SSL":false,"Wallet":"3DxRETpBoXKrEBQxFb2HsPmG6apxHmKmUx","Worker":"mrx","EthMode":null},{"Pool":"Luckypool","Algorithm":"ProgPoWZ","CoinName":"Zano","CoinSymbol":"ZANO","Currency":"ZANO","Protocol":"stratum+tcp","Host":"zano.luckypool.io","Port":8877,"User":"ZxC3gbnaNJhXqczrRirFwqDPsgqSenxLAJ3r3NB2WQwY2yPjivEmvro63TBdQuU4Yc3PeAxf8MRPFc6qqfGQmnAt1Nqz31GYr{diff:.$difficulty}","Pass":"mrx","Region":"CentralEurope","SSL":false,"Wallet":"ZxC3gbnaNJhXqczrRirFwqDPsgqSenxLAJ3r3NB2WQwY2yPjivEmvro63TBdQuU4Yc3PeAxf8MRPFc6qqfGQmnAt1Nqz31GYr","Worker":"mrx","EthMode":"ethproxy"},{"Pool":"WoolyPooly","Algorithm":"ProgPowVeil","CoinName":"Veil","CoinSymbol":"VEIL","Currency":"VEIL","Protocol":"stratum+tcp","Host":"pool.woolypooly.com","Port":3098,"User":"bv1q46w7plr5lzjrn643m30g09vve8r3g4cheksr4p.mrx","Pass":"x","Region":"CentralEurope","SSL":false,"Wallet":"bv1q46w7plr5lzjrn643m30g09vve8r3g4cheksr4p","Worker":"mrx","EthMode":"qtminer"},{"Pool":"NiceHash","Algorithm":"Quark","CoinName":"","CoinSymbol":"","Currency":"BTC","Protocol":"stratum+tcp","Host":"quark.eu-west.nicehash.com","Port":3345,"User":"3PfUUT1Tknfyd4SnYrEwwpUEAQEzWd2BuD.mrx","Pass":"x","Region":"CentralEurope","SSL":false,"Wallet":"3PfUUT1Tknfyd4SnYrEwwpUEAQEzWd2BuD","Worker":"mrx","EthMode":null},{"Pool":"NiceHash","Algorithm":"Quark","CoinName":"","CoinSymbol":"","Currency":"BTC","Protocol":"stratum+tcp","Host":"quark.eu-north.nicehash.com","Port":3345,"User":"3PfUUT1Tknfyd4SnYrEwwpUEAQEzWd2BuD.mrx","Pass":"x","Region":"NorthernEurope","SSL":false,"Wallet":"3PfUUT1Tknfyd4SnYrEwwpUEAQEzWd2BuD","Worker":"mrx","EthMode":null},{"Pool":"NiceHash","Algorithm":"Quark","CoinName":"","CoinSymbol":"","Currency":"BTC","Protocol":"stratum+tcp","Host":"quark.usa-west.nicehash.com","Port":3345,"User":"3PfUUT1Tknfyd4SnYrEwwpUEAQEzWd2BuD.mrx","Pass":"x","Region":"USWest","SSL":false,"Wallet":"3PfUUT1Tknfyd4SnYrEwwpUEAQEzWd2BuD","Worker":"mrx","EthMode":null},{"Pool":"NiceHash","Algorithm":"Quark","CoinName":"","CoinSymbol":"","Currency":"BTC","Protocol":"stratum+tcp","Host":"quark.usa-east.nicehash.com","Port":3345,"User":"3PfUUT1Tknfyd4SnYrEwwpUEAQEzWd2BuD.mrx","Pass":"x","Region":"USEast","SSL":false,"Wallet":"3PfUUT1Tknfyd4SnYrEwwpUEAQEzWd2BuD","Worker":"mrx","EthMode":null},{"Pool":"NiceHash","Algorithm":"Qubit","CoinName":"","CoinSymbol":"","Currency":"BTC","Protocol":"stratum+tcp","Host":"qubit.eu-west.nicehash.com","Port":3344,"User":"3PfUUT1Tknfyd4SnYrEwwpUEAQEzWd2BuD.mrx","Pass":"x","Region":"CentralEurope","SSL":false,"Wallet":"3PfUUT1Tknfyd4SnYrEwwpUEAQEzWd2BuD","Worker":"mrx","EthMode":null},{"Pool":"NiceHash","Algorithm":"Qubit","CoinName":"","CoinSymbol":"","Currency":"BTC","Protocol":"stratum+tcp","Host":"qubit.eu-north.nicehash.com","Port":3344,"User":"3PfUUT1Tknfyd4SnYrEwwpUEAQEzWd2BuD.mrx","Pass":"x","Region":"NorthernEurope","SSL":false,"Wallet":"3PfUUT1Tknfyd4SnYrEwwpUEAQEzWd2BuD","Worker":"mrx","EthMode":null},{"Pool":"NiceHash","Algorithm":"Qubit","CoinName":"","CoinSymbol":"","Currency":"BTC","Protocol":"stratum+tcp","Host":"qubit.usa-west.nicehash.com","Port":3344,"User":"3PfUUT1Tknfyd4SnYrEwwpUEAQEzWd2BuD.mrx","Pass":"x","Region":"USWest","SSL":false,"Wallet":"3PfUUT1Tknfyd4SnYrEwwpUEAQEzWd2BuD","Worker":"mrx","EthMode":null},{"Pool":"NiceHash","Algorithm":"Qubit","CoinName":"","CoinSymbol":"","Currency":"BTC","Protocol":"stratum+tcp","Host":"qubit.usa-east.nicehash.com","Port":3344,"User":"3PfUUT1Tknfyd4SnYrEwwpUEAQEzWd2BuD.mrx","Pass":"x","Region":"USEast","SSL":false,"Wallet":"3PfUUT1Tknfyd4SnYrEwwpUEAQEzWd2BuD","Worker":"mrx","EthMode":null},{"Pool":"NiceHash","Algorithm":"RandomX","CoinName":"Monero","CoinSymbol":"XMR","Currency":"BTC","Protocol":"stratum+tcp","Host":"randomxmonero.eu-west.nicehash.com","Port":3380,"User":"3PfUUT1Tknfyd4SnYrEwwpUEAQEzWd2BuD.mrx","Pass":"x","Region":"CentralEurope","SSL":false,"Wallet":"3PfUUT1Tknfyd4SnYrEwwpUEAQEzWd2BuD","Worker":"mrx","EthMode":null},{"Pool":"NiceHash","Algorithm":"RandomX","CoinName":"Monero","CoinSymbol":"XMR","Currency":"BTC","Protocol":"stratum+tcp","Host":"randomxmonero.eu-north.nicehash.com","Port":3380,"User":"3PfUUT1Tknfyd4SnYrEwwpUEAQEzWd2BuD.mrx","Pass":"x","Region":"NorthernEurope","SSL":false,"Wallet":"3PfUUT1Tknfyd4SnYrEwwpUEAQEzWd2BuD","Worker":"mrx","EthMode":null},{"Pool":"NiceHash","Algorithm":"RandomX","CoinName":"Monero","CoinSymbol":"XMR","Currency":"BTC","Protocol":"stratum+tcp","Host":"randomxmonero.usa-west.nicehash.com","Port":3380,"User":"3PfUUT1Tknfyd4SnYrEwwpUEAQEzWd2BuD.mrx","Pass":"x","Region":"USWest","SSL":false,"Wallet":"3PfUUT1Tknfyd4SnYrEwwpUEAQEzWd2BuD","Worker":"mrx","EthMode":null},{"Pool":"NiceHash","Algorithm":"RandomX","CoinName":"Monero","CoinSymbol":"XMR","Currency":"BTC","Protocol":"stratum+tcp","Host":"randomxmonero.usa-east.nicehash.com","Port":3380,"User":"3PfUUT1Tknfyd4SnYrEwwpUEAQEzWd2BuD.mrx","Pass":"x","Region":"USEast","SSL":false,"Wallet":"3PfUUT1Tknfyd4SnYrEwwpUEAQEzWd2BuD","Worker":"mrx","EthMode":null},{"Pool":"LetsHash","Algorithm":"RX2","CoinName":"LuxCoin","CoinSymbol":"LUX","Currency":"LUX","Protocol":"stratum+tcp","Host":"pool.letshash.it","Port":"9009","User":"LSLA9uqTX89gJyD8TgXcT8vygUqSFbSU3Z.mrx","Pass":"x","Region":"CentralEurope","SSL":false,"Wallet":"LSLA9uqTX89gJyD8TgXcT8vygUqSFbSU3Z","Worker":"mrx","EthMode":""},{"Pool":"MoneroOcean","Algorithm":"RandomArq","CoinName":"Arqma","CoinSymbol":"ARQ","Currency":"XMR","Protocol":"stratum+tcp","Host":"gulf.moneroocean.stream","Port":10016,"User":"44UDqzf5aGZa5tis2BgJ3zLGhMttoQjPu1F5L1VtZGnAbKBao8h6enX1d9eop5p4HAPUv2xM4aLQjYy7cH1E1AnFSWmgNWQ","Pass":"mrx:x~rx/arq","Region":"US","SSL":false,"Wallet":"44UDqzf5aGZa5tis2BgJ3zLGhMttoQjPu1F5L1VtZGnAbKBao8h6enX1d9eop5p4HAPUv2xM4aLQjYy7cH1E1AnFSWmgNWQ","Worker":"mrx","EthMode":null},{"Pool":"NiceHash","Algorithm":"Scrypt","CoinName":"","CoinSymbol":"","Currency":"BTC","Protocol":"stratum+tcp","Host":"scrypt.eu-west.nicehash.com","Port":3333,"User":"3PfUUT1Tknfyd4SnYrEwwpUEAQEzWd2BuD.mrx","Pass":"x","Region":"CentralEurope","SSL":false,"Wallet":"3PfUUT1Tknfyd4SnYrEwwpUEAQEzWd2BuD","Worker":"mrx","EthMode":null},{"Pool":"NiceHash","Algorithm":"Scrypt","CoinName":"","CoinSymbol":"","Currency":"BTC","Protocol":"stratum+tcp","Host":"scrypt.eu-north.nicehash.com","Port":3333,"User":"3PfUUT1Tknfyd4SnYrEwwpUEAQEzWd2BuD.mrx","Pass":"x","Region":"NorthernEurope","SSL":false,"Wallet":"3PfUUT1Tknfyd4SnYrEwwpUEAQEzWd2BuD","Worker":"mrx","EthMode":null},{"Pool":"NiceHash","Algorithm":"Scrypt","CoinName":"","CoinSymbol":"","Currency":"BTC","Protocol":"stratum+tcp","Host":"scrypt.usa-west.nicehash.com","Port":3333,"User":"3PfUUT1Tknfyd4SnYrEwwpUEAQEzWd2BuD.mrx","Pass":"x","Region":"USWest","SSL":false,"Wallet":"3PfUUT1Tknfyd4SnYrEwwpUEAQEzWd2BuD","Worker":"mrx","EthMode":null},{"Pool":"NiceHash","Algorithm":"Scrypt","CoinName":"","CoinSymbol":"","Currency":"BTC","Protocol":"stratum+tcp","Host":"scrypt.usa-east.nicehash.com","Port":3333,"User":"3PfUUT1Tknfyd4SnYrEwwpUEAQEzWd2BuD.mrx","Pass":"x","Region":"USEast","SSL":false,"Wallet":"3PfUUT1Tknfyd4SnYrEwwpUEAQEzWd2BuD","Worker":"mrx","EthMode":null},{"Pool":"NiceHash","Algorithm":"SHA256","CoinName":"","CoinSymbol":"","Currency":"BTC","Protocol":"stratum+tcp","Host":"sha256.eu-west.nicehash.com","Port":3334,"User":"3PfUUT1Tknfyd4SnYrEwwpUEAQEzWd2BuD.mrx","Pass":"x","Region":"CentralEurope","SSL":false,"Wallet":"3PfUUT1Tknfyd4SnYrEwwpUEAQEzWd2BuD","Worker":"mrx","EthMode":null},{"Pool":"NiceHash","Algorithm":"SHA256","CoinName":"","CoinSymbol":"","Currency":"BTC","Protocol":"stratum+tcp","Host":"sha256.eu-north.nicehash.com","Port":3334,"User":"3PfUUT1Tknfyd4SnYrEwwpUEAQEzWd2BuD.mrx","Pass":"x","Region":"NorthernEurope","SSL":false,"Wallet":"3PfUUT1Tknfyd4SnYrEwwpUEAQEzWd2BuD","Worker":"mrx","EthMode":null},{"Pool":"NiceHash","Algorithm":"SHA256","CoinName":"","CoinSymbol":"","Currency":"BTC","Protocol":"stratum+tcp","Host":"sha256.usa-west.nicehash.com","Port":3334,"User":"3PfUUT1Tknfyd4SnYrEwwpUEAQEzWd2BuD.mrx","Pass":"x","Region":"USWest","SSL":false,"Wallet":"3PfUUT1Tknfyd4SnYrEwwpUEAQEzWd2BuD","Worker":"mrx","EthMode":null},{"Pool":"NiceHash","Algorithm":"SHA256","CoinName":"","CoinSymbol":"","Currency":"BTC","Protocol":"stratum+tcp","Host":"sha256.usa-east.nicehash.com","Port":3334,"User":"3PfUUT1Tknfyd4SnYrEwwpUEAQEzWd2BuD.mrx","Pass":"x","Region":"USEast","SSL":false,"Wallet":"3PfUUT1Tknfyd4SnYrEwwpUEAQEzWd2BuD","Worker":"mrx","EthMode":null},{"Pool":"NiceHash","Algorithm":"Keccak","CoinName":"","CoinSymbol":"","Currency":"BTC","Protocol":"stratum+tcp","Host":"keccak.eu-west.nicehash.com","Port":3338,"User":"3PfUUT1Tknfyd4SnYrEwwpUEAQEzWd2BuD.mrx","Pass":"x","Region":"CentralEurope","SSL":false,"Wallet":"3PfUUT1Tknfyd4SnYrEwwpUEAQEzWd2BuD","Worker":"mrx","EthMode":null},{"Pool":"NiceHash","Algorithm":"Keccak","CoinName":"","CoinSymbol":"","Currency":"BTC","Protocol":"stratum+tcp","Host":"keccak.eu-north.nicehash.com","Port":3338,"User":"3PfUUT1Tknfyd4SnYrEwwpUEAQEzWd2BuD.mrx","Pass":"x","Region":"NorthernEurope","SSL":false,"Wallet":"3PfUUT1Tknfyd4SnYrEwwpUEAQEzWd2BuD","Worker":"mrx","EthMode":null},{"Pool":"NiceHash","Algorithm":"Keccak","CoinName":"","CoinSymbol":"","Currency":"BTC","Protocol":"stratum+tcp","Host":"keccak.usa-west.nicehash.com","Port":3338,"User":"3PfUUT1Tknfyd4SnYrEwwpUEAQEzWd2BuD.mrx","Pass":"x","Region":"USWest","SSL":false,"Wallet":"3PfUUT1Tknfyd4SnYrEwwpUEAQEzWd2BuD","Worker":"mrx","EthMode":null},{"Pool":"NiceHash","Algorithm":"Keccak","CoinName":"","CoinSymbol":"","Currency":"BTC","Protocol":"stratum+tcp","Host":"keccak.usa-east.nicehash.com","Port":3338,"User":"3PfUUT1Tknfyd4SnYrEwwpUEAQEzWd2BuD.mrx","Pass":"x","Region":"USEast","SSL":false,"Wallet":"3PfUUT1Tknfyd4SnYrEwwpUEAQEzWd2BuD","Worker":"mrx","EthMode":null},{"Pool":"ZergPool","Algorithm":"Skein","CoinName":null,"CoinSymbol":null,"Currency":"BTC","Protocol":"stratum+tcp","Host":"skein.mine.zergpool.com","Port":4933,"User":"3DxRETpBoXKrEBQxFb2HsPmG6apxHmKmUx","Pass":"ID=mrx","Region":"US","SSL":false,"Wallet":"3DxRETpBoXKrEBQxFb2HsPmG6apxHmKmUx","Worker":"mrx","EthMode":null},{"Pool":"ZergPool","Algorithm":"Skunk","CoinName":"MobitGlobal ","CoinSymbol":"MBGL","Currency":"BTC","Protocol":"stratum+tcp","Host":"skunk.mine.zergpool.com","Port":8433,"User":"3DxRETpBoXKrEBQxFb2HsPmG6apxHmKmUx","Pass":"ID=mrx","Region":"US","SSL":false,"Wallet":"3DxRETpBoXKrEBQxFb2HsPmG6apxHmKmUx","Worker":"mrx","EthMode":null},{"Pool":"ZergPool","Algorithm":"Skein2","CoinName":"Woodcoin","CoinSymbol":"LOG","Currency":"BTC","Protocol":"stratum+tcp","Host":"skein2.mine.zergpool.com","Port":5233,"User":"3DxRETpBoXKrEBQxFb2HsPmG6apxHmKmUx","Pass":"ID=mrx","Region":"US","SSL":false,"Wallet":"3DxRETpBoXKrEBQxFb2HsPmG6apxHmKmUx","Worker":"mrx","EthMode":null},{"Pool":"Zpool","Algorithm":"Bitcore","CoinName":"GlobalToken","CoinSymbol":"GLT","Currency":"BTC","Protocol":"stratum+tcp","Host":"bitcore.na.mine.zpool.ca","Port":3556,"User":"3DxRETpBoXKrEBQxFb2HsPmG6apxHmKmUx","Pass":"mrx","Region":"US","SSL":false,"Wallet":"3DxRETpBoXKrEBQxFb2HsPmG6apxHmKmUx","Worker":"mrx","EthMode":null},{"Pool":"Zpool","Algorithm":"Bitcore","CoinName":"GlobalToken","CoinSymbol":"GLT","Currency":"BTC","Protocol":"stratum+tcp","Host":"bitcore.eu.mine.zpool.ca","Port":3556,"User":"3DxRETpBoXKrEBQxFb2HsPmG6apxHmKmUx","Pass":"mrx","Region":"CentralEurope","SSL":false,"Wallet":"3DxRETpBoXKrEBQxFb2HsPmG6apxHmKmUx","Worker":"mrx","EthMode":null},{"Pool":"Zpool","Algorithm":"Bitcore","CoinName":"GlobalToken","CoinSymbol":"GLT","Currency":"BTC","Protocol":"stratum+tcp","Host":"bitcore.sea.mine.zpool.ca","Port":3556,"User":"3DxRETpBoXKrEBQxFb2HsPmG6apxHmKmUx","Pass":"mrx","Region":"SoutheastAsia","SSL":false,"Wallet":"3DxRETpBoXKrEBQxFb2HsPmG6apxHmKmUx","Worker":"mrx","EthMode":null},{"Pool":"Zpool","Algorithm":"Bitcore","CoinName":"GlobalToken","CoinSymbol":"GLT","Currency":"BTC","Protocol":"stratum+tcp","Host":"bitcore.jp.mine.zpool.ca","Port":3556,"User":"3DxRETpBoXKrEBQxFb2HsPmG6apxHmKmUx","Pass":"mrx","Region":"Japan","SSL":false,"Wallet":"3DxRETpBoXKrEBQxFb2HsPmG6apxHmKmUx","Worker":"mrx","EthMode":null},{"Pool":"ZergPool","Algorithm":"Tribus","CoinName":"Scriv","CoinSymbol":"SCRIV","Currency":"BTC","Protocol":"stratum+tcp","Host":"tribus.mine.zergpool.com","Port":8533,"User":"3DxRETpBoXKrEBQxFb2HsPmG6apxHmKmUx","Pass":"ID=mrx","Region":"US","SSL":false,"Wallet":"3DxRETpBoXKrEBQxFb2HsPmG6apxHmKmUx","Worker":"mrx","EthMode":null},{"Pool":"ZergPool","Algorithm":"UbqHash","CoinName":"Ubiq","CoinSymbol":"UBQ","Currency":"BTC","Protocol":"stratum+tcp","Host":"ubqhash.mine.zergpool.com","Port":9998,"User":"3DxRETpBoXKrEBQxFb2HsPmG6apxHmKmUx","Pass":"ID=mrx","Region":"US","SSL":false,"Wallet":"3DxRETpBoXKrEBQxFb2HsPmG6apxHmKmUx","Worker":"mrx","EthMode":"ethproxy"},{"Pool":"ZergPool","Algorithm":"VerusHash","CoinName":"Verus","CoinSymbol":"VRSC","Currency":"BTC","Protocol":"stratum+tcp","Host":"verushash.mine.zergpool.com","Port":3300,"User":"3DxRETpBoXKrEBQxFb2HsPmG6apxHmKmUx","Pass":"ID=mrx","Region":"US","SSL":false,"Wallet":"3DxRETpBoXKrEBQxFb2HsPmG6apxHmKmUx","Worker":"mrx","EthMode":null},{"Pool":"NiceHash","Algorithm":"X11","CoinName":"","CoinSymbol":"","Currency":"BTC","Protocol":"stratum+tcp","Host":"x11.eu-west.nicehash.com","Port":3336,"User":"3PfUUT1Tknfyd4SnYrEwwpUEAQEzWd2BuD.mrx","Pass":"x","Region":"CentralEurope","SSL":false,"Wallet":"3PfUUT1Tknfyd4SnYrEwwpUEAQEzWd2BuD","Worker":"mrx","EthMode":null},{"Pool":"NiceHash","Algorithm":"X11","CoinName":"","CoinSymbol":"","Currency":"BTC","Protocol":"stratum+tcp","Host":"x11.eu-north.nicehash.com","Port":3336,"User":"3PfUUT1Tknfyd4SnYrEwwpUEAQEzWd2BuD.mrx","Pass":"x","Region":"NorthernEurope","SSL":false,"Wallet":"3PfUUT1Tknfyd4SnYrEwwpUEAQEzWd2BuD","Worker":"mrx","EthMode":null},{"Pool":"NiceHash","Algorithm":"X11","CoinName":"","CoinSymbol":"","Currency":"BTC","Protocol":"stratum+tcp","Host":"x11.usa-west.nicehash.com","Port":3336,"User":"3PfUUT1Tknfyd4SnYrEwwpUEAQEzWd2BuD.mrx","Pass":"x","Region":"USWest","SSL":false,"Wallet":"3PfUUT1Tknfyd4SnYrEwwpUEAQEzWd2BuD","Worker":"mrx","EthMode":null},{"Pool":"NiceHash","Algorithm":"X11","CoinName":"","CoinSymbol":"","Currency":"BTC","Protocol":"stratum+tcp","Host":"x11.usa-east.nicehash.com","Port":3336,"User":"3PfUUT1Tknfyd4SnYrEwwpUEAQEzWd2BuD.mrx","Pass":"x","Region":"USEast","SSL":false,"Wallet":"3PfUUT1Tknfyd4SnYrEwwpUEAQEzWd2BuD","Worker":"mrx","EthMode":null},{"Pool":"NiceHash","Algorithm":"X13","CoinName":"","CoinSymbol":"","Currency":"BTC","Protocol":"stratum+tcp","Host":"x13.eu-west.nicehash.com","Port":3337,"User":"3PfUUT1Tknfyd4SnYrEwwpUEAQEzWd2BuD.mrx","Pass":"x","Region":"CentralEurope","SSL":false,"Wallet":"3PfUUT1Tknfyd4SnYrEwwpUEAQEzWd2BuD","Worker":"mrx","EthMode":null},{"Pool":"NiceHash","Algorithm":"X13","CoinName":"","CoinSymbol":"","Currency":"BTC","Protocol":"stratum+tcp","Host":"x13.eu-north.nicehash.com","Port":3337,"User":"3PfUUT1Tknfyd4SnYrEwwpUEAQEzWd2BuD.mrx","Pass":"x","Region":"NorthernEurope","SSL":false,"Wallet":"3PfUUT1Tknfyd4SnYrEwwpUEAQEzWd2BuD","Worker":"mrx","EthMode":null},{"Pool":"NiceHash","Algorithm":"X13","CoinName":"","CoinSymbol":"","Currency":"BTC","Protocol":"stratum+tcp","Host":"x13.usa-west.nicehash.com","Port":3337,"User":"3PfUUT1Tknfyd4SnYrEwwpUEAQEzWd2BuD.mrx","Pass":"x","Region":"USWest","SSL":false,"Wallet":"3PfUUT1Tknfyd4SnYrEwwpUEAQEzWd2BuD","Worker":"mrx","EthMode":null},{"Pool":"NiceHash","Algorithm":"X13","CoinName":"","CoinSymbol":"","Currency":"BTC","Protocol":"stratum+tcp","Host":"x13.usa-east.nicehash.com","Port":3337,"User":"3PfUUT1Tknfyd4SnYrEwwpUEAQEzWd2BuD.mrx","Pass":"x","Region":"USEast","SSL":false,"Wallet":"3PfUUT1Tknfyd4SnYrEwwpUEAQEzWd2BuD","Worker":"mrx","EthMode":null},{"Pool":"NiceHash","Algorithm":"X16r","CoinName":"","CoinSymbol":"","Currency":"BTC","Protocol":"stratum+tcp","Host":"x16r.eu-west.nicehash.com","Port":3366,"User":"3PfUUT1Tknfyd4SnYrEwwpUEAQEzWd2BuD.mrx","Pass":"x","Region":"CentralEurope","SSL":false,"Wallet":"3PfUUT1Tknfyd4SnYrEwwpUEAQEzWd2BuD","Worker":"mrx","EthMode":null},{"Pool":"NiceHash","Algorithm":"X16r","CoinName":"","CoinSymbol":"","Currency":"BTC","Protocol":"stratum+tcp","Host":"x16r.eu-north.nicehash.com","Port":3366,"User":"3PfUUT1Tknfyd4SnYrEwwpUEAQEzWd2BuD.mrx","Pass":"x","Region":"NorthernEurope","SSL":false,"Wallet":"3PfUUT1Tknfyd4SnYrEwwpUEAQEzWd2BuD","Worker":"mrx","EthMode":null},{"Pool":"NiceHash","Algorithm":"X16r","CoinName":"","CoinSymbol":"","Currency":"BTC","Protocol":"stratum+tcp","Host":"x16r.usa-west.nicehash.com","Port":3366,"User":"3PfUUT1Tknfyd4SnYrEwwpUEAQEzWd2BuD.mrx","Pass":"x","Region":"USWest","SSL":false,"Wallet":"3PfUUT1Tknfyd4SnYrEwwpUEAQEzWd2BuD","Worker":"mrx","EthMode":null},{"Pool":"NiceHash","Algorithm":"X16r","CoinName":"","CoinSymbol":"","Currency":"BTC","Protocol":"stratum+tcp","Host":"x16r.usa-east.nicehash.com","Port":3366,"User":"3PfUUT1Tknfyd4SnYrEwwpUEAQEzWd2BuD.mrx","Pass":"x","Region":"USEast","SSL":false,"Wallet":"3PfUUT1Tknfyd4SnYrEwwpUEAQEzWd2BuD","Worker":"mrx","EthMode":null},{"Pool":"NiceHash","Algorithm":"X16rv2","CoinName":"","CoinSymbol":"","Currency":"BTC","Protocol":"stratum+tcp","Host":"x16rv2.eu-west.nicehash.com","Port":3379,"User":"3PfUUT1Tknfyd4SnYrEwwpUEAQEzWd2BuD.mrx","Pass":"x","Region":"CentralEurope","SSL":false,"Wallet":"3PfUUT1Tknfyd4SnYrEwwpUEAQEzWd2BuD","Worker":"mrx","EthMode":null},{"Pool":"NiceHash","Algorithm":"X16rv2","CoinName":"","CoinSymbol":"","Currency":"BTC","Protocol":"stratum+tcp","Host":"x16rv2.eu-north.nicehash.com","Port":3379,"User":"3PfUUT1Tknfyd4SnYrEwwpUEAQEzWd2BuD.mrx","Pass":"x","Region":"NorthernEurope","SSL":false,"Wallet":"3PfUUT1Tknfyd4SnYrEwwpUEAQEzWd2BuD","Worker":"mrx","EthMode":null},{"Pool":"NiceHash","Algorithm":"X16rv2","CoinName":"","CoinSymbol":"","Currency":"BTC","Protocol":"stratum+tcp","Host":"x16rv2.usa-west.nicehash.com","Port":3379,"User":"3PfUUT1Tknfyd4SnYrEwwpUEAQEzWd2BuD.mrx","Pass":"x","Region":"USWest","SSL":false,"Wallet":"3PfUUT1Tknfyd4SnYrEwwpUEAQEzWd2BuD","Worker":"mrx","EthMode":null},{"Pool":"NiceHash","Algorithm":"X16rv2","CoinName":"","CoinSymbol":"","Currency":"BTC","Protocol":"stratum+tcp","Host":"x16rv2.usa-east.nicehash.com","Port":3379,"User":"3PfUUT1Tknfyd4SnYrEwwpUEAQEzWd2BuD.mrx","Pass":"x","Region":"USEast","SSL":false,"Wallet":"3PfUUT1Tknfyd4SnYrEwwpUEAQEzWd2BuD","Worker":"mrx","EthMode":null},{"Pool":"ZergPool","Algorithm":"X16s","CoinName":"SHIELD","CoinSymbol":"XSH","Currency":"BTC","Protocol":"stratum+tcp","Host":"x16s.mine.zergpool.com","Port":3663,"User":"3DxRETpBoXKrEBQxFb2HsPmG6apxHmKmUx","Pass":"ID=mrx","Region":"US","SSL":false,"Wallet":"3DxRETpBoXKrEBQxFb2HsPmG6apxHmKmUx","Worker":"mrx","EthMode":null},{"Pool":"ZergPool","Algorithm":"X16rt","CoinName":"Avian","CoinSymbol":"AVN","Currency":"BTC","Protocol":"stratum+tcp","Host":"x16rt.mine.zergpool.com","Port":3696,"User":"3DxRETpBoXKrEBQxFb2HsPmG6apxHmKmUx","Pass":"ID=mrx","Region":"US","SSL":false,"Wallet":"3DxRETpBoXKrEBQxFb2HsPmG6apxHmKmUx","Worker":"mrx","EthMode":null},{"Pool":"ZergPool","Algorithm":"X17","CoinName":null,"CoinSymbol":null,"Currency":"BTC","Protocol":"stratum+tcp","Host":"x17.mine.zergpool.com","Port":3737,"User":"3DxRETpBoXKrEBQxFb2HsPmG6apxHmKmUx","Pass":"ID=mrx","Region":"US","SSL":false,"Wallet":"3DxRETpBoXKrEBQxFb2HsPmG6apxHmKmUx","Worker":"mrx","EthMode":null},{"Pool":"ZergPool","Algorithm":"X21s","CoinName":null,"CoinSymbol":null,"Currency":"BTC","Protocol":"stratum+tcp","Host":"x21s.mine.zergpool.com","Port":3224,"User":"3DxRETpBoXKrEBQxFb2HsPmG6apxHmKmUx","Pass":"ID=mrx","Region":"US","SSL":false,"Wallet":"3DxRETpBoXKrEBQxFb2HsPmG6apxHmKmUx","Worker":"mrx","EthMode":null},{"Pool":"Zpool","Algorithm":"X22i","CoinName":"GlobalToken","CoinSymbol":"GLT","Currency":"BTC","Protocol":"stratum+tcp","Host":"x22i.na.mine.zpool.ca","Port":3223,"User":"3DxRETpBoXKrEBQxFb2HsPmG6apxHmKmUx","Pass":"mrx","Region":"US","SSL":false,"Wallet":"3DxRETpBoXKrEBQxFb2HsPmG6apxHmKmUx","Worker":"mrx","EthMode":null},{"Pool":"Zpool","Algorithm":"X22i","CoinName":"GlobalToken","CoinSymbol":"GLT","Currency":"BTC","Protocol":"stratum+tcp","Host":"x22i.eu.mine.zpool.ca","Port":3223,"User":"3DxRETpBoXKrEBQxFb2HsPmG6apxHmKmUx","Pass":"mrx","Region":"CentralEurope","SSL":false,"Wallet":"3DxRETpBoXKrEBQxFb2HsPmG6apxHmKmUx","Worker":"mrx","EthMode":null},{"Pool":"Zpool","Algorithm":"X22i","CoinName":"GlobalToken","CoinSymbol":"GLT","Currency":"BTC","Protocol":"stratum+tcp","Host":"x22i.sea.mine.zpool.ca","Port":3223,"User":"3DxRETpBoXKrEBQxFb2HsPmG6apxHmKmUx","Pass":"mrx","Region":"SoutheastAsia","SSL":false,"Wallet":"3DxRETpBoXKrEBQxFb2HsPmG6apxHmKmUx","Worker":"mrx","EthMode":null},{"Pool":"Zpool","Algorithm":"X22i","CoinName":"GlobalToken","CoinSymbol":"GLT","Currency":"BTC","Protocol":"stratum+tcp","Host":"x22i.jp.mine.zpool.ca","Port":3223,"User":"3DxRETpBoXKrEBQxFb2HsPmG6apxHmKmUx","Pass":"mrx","Region":"Japan","SSL":false,"Wallet":"3DxRETpBoXKrEBQxFb2HsPmG6apxHmKmUx","Worker":"mrx","EthMode":null},{"Pool":"ZergPool","Algorithm":"Xevan","CoinName":"BitSend","CoinSymbol":"BSD","Currency":"BTC","Protocol":"stratum+tcp","Host":"xevan.mine.zergpool.com","Port":3739,"User":"3DxRETpBoXKrEBQxFb2HsPmG6apxHmKmUx","Pass":"ID=mrx","Region":"US","SSL":false,"Wallet":"3DxRETpBoXKrEBQxFb2HsPmG6apxHmKmUx","Worker":"mrx","EthMode":null},{"Pool":"ZergPool","Algorithm":"X25x","CoinName":null,"CoinSymbol":null,"Currency":"BTC","Protocol":"stratum+tcp","Host":"x25x.mine.zergpool.com","Port":3225,"User":"3DxRETpBoXKrEBQxFb2HsPmG6apxHmKmUx","Pass":"ID=mrx","Region":"US","SSL":false,"Wallet":"3DxRETpBoXKrEBQxFb2HsPmG6apxHmKmUx","Worker":"mrx","EthMode":null},{"Pool":"ZergPool","Algorithm":"Yescrypt","CoinName":null,"CoinSymbol":null,"Currency":"BTC","Protocol":"stratum+tcp","Host":"yescrypt.mine.zergpool.com","Port":6233,"User":"3DxRETpBoXKrEBQxFb2HsPmG6apxHmKmUx","Pass":"ID=mrx","Region":"US","SSL":false,"Wallet":"3DxRETpBoXKrEBQxFb2HsPmG6apxHmKmUx","Worker":"mrx","EthMode":null},{"Pool":"ZergPool","Algorithm":"YescryptR16","CoinName":"Qogecoin","CoinSymbol":"QOGE","Currency":"BTC","Protocol":"stratum+tcp","Host":"yescryptR16.mine.zergpool.com","Port":6333,"User":"3DxRETpBoXKrEBQxFb2HsPmG6apxHmKmUx","Pass":"ID=mrx","Region":"US","SSL":false,"Wallet":"3DxRETpBoXKrEBQxFb2HsPmG6apxHmKmUx","Worker":"mrx","EthMode":null},{"Pool":"ZergPool","Algorithm":"YescryptR32","CoinName":"Documentchain","CoinSymbol":"DMS","Currency":"BTC","Protocol":"stratum+tcp","Host":"yescryptR32.mine.zergpool.com","Port":6343,"User":"3DxRETpBoXKrEBQxFb2HsPmG6apxHmKmUx","Pass":"ID=mrx","Region":"US","SSL":false,"Wallet":"3DxRETpBoXKrEBQxFb2HsPmG6apxHmKmUx","Worker":"mrx","EthMode":null},{"Pool":"ZergPool","Algorithm":"Yespower","CoinName":null,"CoinSymbol":null,"Currency":"BTC","Protocol":"stratum+tcp","Host":"yespower.mine.zergpool.com","Port":6533,"User":"3DxRETpBoXKrEBQxFb2HsPmG6apxHmKmUx","Pass":"ID=mrx","Region":"US","SSL":false,"Wallet":"3DxRETpBoXKrEBQxFb2HsPmG6apxHmKmUx","Worker":"mrx","EthMode":null},{"Pool":"ZergPool","Algorithm":"YespowerR16","CoinName":"Yenten","CoinSymbol":"YTN","Currency":"BTC","Protocol":"stratum+tcp","Host":"yespowerR16.mine.zergpool.com","Port":6534,"User":"3DxRETpBoXKrEBQxFb2HsPmG6apxHmKmUx","Pass":"ID=mrx","Region":"US","SSL":false,"Wallet":"3DxRETpBoXKrEBQxFb2HsPmG6apxHmKmUx","Worker":"mrx","EthMode":null},{"Pool":"ZergPool","Algorithm":"Yespower2b","CoinName":"MicroBitcoin","CoinSymbol":"MBC","Currency":"BTC","Protocol":"stratum+tcp","Host":"power2b.mine.zergpool.com","Port":7445,"User":"3DxRETpBoXKrEBQxFb2HsPmG6apxHmKmUx","Pass":"ID=mrx","Region":"US","SSL":false,"Wallet":"3DxRETpBoXKrEBQxFb2HsPmG6apxHmKmUx","Worker":"mrx","EthMode":null},{"Pool":"Zpool","Algorithm":"YespowerSUGAR","CoinName":"Sugar","CoinSymbol":"SUGAR","Currency":"BTC","Protocol":"stratum+tcp","Host":"yespowerSUGAR.na.mine.zpool.ca","Port":6241,"User":"3DxRETpBoXKrEBQxFb2HsPmG6apxHmKmUx","Pass":"mrx","Region":"US","SSL":false,"Wallet":"3DxRETpBoXKrEBQxFb2HsPmG6apxHmKmUx","Worker":"mrx","EthMode":null},{"Pool":"Zpool","Algorithm":"YespowerSUGAR","CoinName":"Sugar","CoinSymbol":"SUGAR","Currency":"BTC","Protocol":"stratum+tcp","Host":"yespowerSUGAR.eu.mine.zpool.ca","Port":6241,"User":"3DxRETpBoXKrEBQxFb2HsPmG6apxHmKmUx","Pass":"mrx","Region":"CentralEurope","SSL":false,"Wallet":"3DxRETpBoXKrEBQxFb2HsPmG6apxHmKmUx","Worker":"mrx","EthMode":null},{"Pool":"Zpool","Algorithm":"YespowerSUGAR","CoinName":"Sugar","CoinSymbol":"SUGAR","Currency":"BTC","Protocol":"stratum+tcp","Host":"yespowerSUGAR.sea.mine.zpool.ca","Port":6241,"User":"3DxRETpBoXKrEBQxFb2HsPmG6apxHmKmUx","Pass":"mrx","Region":"SoutheastAsia","SSL":false,"Wallet":"3DxRETpBoXKrEBQxFb2HsPmG6apxHmKmUx","Worker":"mrx","EthMode":null},{"Pool":"Zpool","Algorithm":"YespowerSUGAR","CoinName":"Sugar","CoinSymbol":"SUGAR","Currency":"BTC","Protocol":"stratum+tcp","Host":"yespowerSUGAR.jp.mine.zpool.ca","Port":6241,"User":"3DxRETpBoXKrEBQxFb2HsPmG6apxHmKmUx","Pass":"mrx","Region":"Japan","SSL":false,"Wallet":"3DxRETpBoXKrEBQxFb2HsPmG6apxHmKmUx","Worker":"mrx","EthMode":null},{"Pool":"ZergPool","Algorithm":"VertHash","CoinName":"VertCoin","CoinSymbol":"VTC","Currency":"BTC","Protocol":"stratum+tcp","Host":"verthash.mine.zergpool.com","Port":4534,"User":"3DxRETpBoXKrEBQxFb2HsPmG6apxHmKmUx","Pass":"ID=mrx","Region":"US","SSL":false,"Wallet":"3DxRETpBoXKrEBQxFb2HsPmG6apxHmKmUx","Worker":"mrx","EthMode":null}]
