[
  {
    "id": "5",
    "name": "eu-01.miningrigrentals.com",
    "region": "eu",
    "port": "3333",
    "ethereum_port": "3344",
    "info": "Port information here is depreciated, please see /rig/port"
  },
  {
    "id": "7",
    "name": "eu-de01.miningrigrentals.com",
    "region": "eu-de",
    "port": "3333",
    "ethereum_port": "3344",
    "info": "Port information here is depreciated, please see /rig/port"
  },
  {
    "id": "10",
    "name": "eu-de02.miningrigrentals.com",
    "region": "eu-de",
    "port": "3333",
    "ethereum_port": "3344",
    "info": "Port information here is depreciated, please see /rig/port"
  },
  {
    "id": "11",
    "name": "eu-ru02.miningrigrentals.com",
    "region": "eu-ru",
    "port": "3333",
    "ethereum_port": "3344",
    "info": "Port information here is depreciated, please see /rig/port"
  },
  {
    "id": "18",
    "name": "eu-uk01.miningrigrentals.com",
    "region": "eu-uk",
    "port": "3333",
    "ethereum_port": "3344",
    "info": "Port information here is depreciated, please see /rig/port"
  },
  {
    "id": "6",
    "name": "us-central01.miningrigrentals.com",
    "region": "us-central",
    "port": "3333",
    "ethereum_port": "3344",
    "info": "Port information here is depreciated, please see /rig/port"
  },
  {
    "id": "3",
    "name": "us-east01.miningrigrentals.com",
    "region": "us-east",
    "port": "3333",
    "ethereum_port": "3344",
    "info": "Port information here is depreciated, please see /rig/port"
  },
  {
    "id": "17",
    "name": "us-nw01.miningrigrentals.com",
    "region": "us-nw",
    "port": "3333",
    "ethereum_port": "3344",
    "info": "Port information here is depreciated, please see /rig/port"
  },
  {
    "id": "19",
    "name": "us-south01.miningrigrentals.com",
    "region": "us-south",
    "port": "3333",
    "ethereum_port": "3344",
    "info": "Port information here is depreciated, please see /rig/port"
  },
  {
    "id": "4",
    "name": "us-west01.miningrigrentals.com",
    "region": "us-west",
    "port": "3333",
    "ethereum_port": "3344",
    "info": "Port information here is depreciated, please see /rig/port"
  },
  {
    "id": "2",
    "name": "ap-01.miningrigrentals.com",
    "region": "ap",
    "port": "3333",
    "ethereum_port": "3344",
    "info": "Port information here is depreciated, please see /rig/port"
  },
  {
    "id": "16",
    "name": "au-01.miningrigrentals.com",
    "region": "au",
    "port": "3333",
    "ethereum_port": "3344",
    "info": "Port information here is depreciated, please see /rig/port"
  },
  {
    "id": "15",
    "name": "ca-tor01.miningrigrentals.com",
    "region": "ca",
    "port": "3333",
    "ethereum_port": "3344",
    "info": "Port information here is depreciated, please see /rig/port"
  },
  {
    "id": "21",
    "name": "in-01.miningrigrentals.com",
    "region": "in",
    "port": "3333",
    "ethereum_port": "3344",
    "info": "Port information here is depreciated, please see /rig/port"
  },
  {
    "id": "12",
    "name": "jp-01.miningrigrentals.com",
    "region": "jp",
    "port": "3333",
    "ethereum_port": "3344",
    "info": "Port information here is depreciated, please see /rig/port"
  }
]
