{
    "america": "US",
    "ap":  "SoutheastAsia",
    "asia":  "Asia",
    "aspac":  "SoutheastAsia",
    "aswest":  "WesternAsia",
    "au":  "Australia",
    "br":  "SouthAmerica",
    "ca":  "Canada",
    "ceu":  "CentralEurope",
    "cn":  "Asia",
    "de":  "Germany",
    "eu":  "CentralEurope",
    "eucentral":  "CentralEurope",
    "eunorth":  "NorthernEurope",
    "europe":  "CentralEurope",
    "euwest":  "CentralEurope",
    "fi":  "NorthernEurope",
    "germany":  "Germany",
    "hk":  "HongKong",
    "in":  "India",
    "jp":  "Japan",
    "kr":  "Korea",
    "na":  "US",
    "naw": "USWest",
    "neu":  "NorthernEurope",
    "uk":  "UK",
    "us":  "US",
    "ru":  "Russia",
    "sa":  "SouthAmerica",
    "sea":  "SoutheastAsia",
    "se":  "NorthernEurope",
    "sg":  "SoutheastAsia",
    "tr":  "WesternAsia",
    "tw":  "Taiwan",
    "usacentral": "USCentral",
    "usaeast": "USEast",
    "usanw": "USNorthWest",
    "usasouth": "USSouth",
    "usawest": "USWest",
    "uscentral": "USCentral",
    "useast": "USEast",
    "usnw": "USNorthWest",
    "ussouth": "USSouth",
    "uswest": "USWest",
    "wa":  "WesternAsia"
}
