{"ABS":{"Algo":"Lyra2RE2","Name":"Absolute","Symbol":"ABS"},"ABY":{"Algo":"Scrypt","Name":"Artbyte","Symbol":"ABY"},"ACM":{"Algo":"Lyra2z","Name":"Actinium","Symbol":"ACM"},"ACP-MyriadGroestl":{"Algo":"MyriadGroestl","Name":"Anarchistsprime","Symbol":"ACP"},"ACP-SHA256":{"Algo":"SHA256","Name":"Anarchistsprime","Symbol":"ACP"},"ADZ":{"Algo":"X11","Name":"Adzcoin","Symbol":"ADZ"},"AE":{"Algo":"CuckooCycle","Name":"Aeternity","Symbol":"AE"},"AEON":{"Algo":"Kangaroo12","Name":"Aeon","Symbol":"AEON"},"AEX":{"Algo":"AeriumX","Name":"Aeriumx","Symbol":"AEX"},"AGM":{"Algo":"PHI2","Name":"Argoneum","Symbol":"AGM"},"AION":{"Algo":"Equihash21x9","Name":"Aion","Symbol":"AION"},"AKA":{"Algo":"Ethash","Name":"Akroma","Symbol":"AKA"},"ALEX":{"Algo":"SHA256","Name":"Alexandrite","Symbol":"ALEX"},"ALTEX":{"Algo":"X11","Name":"Altex","Symbol":"ALTEX"},"ANDS":{"Algo":"X16r","Name":"Anodos","Symbol":"ANDS"},"ANON":{"Algo":"Equihash24x5","Name":"Anon","Symbol":"ANON"},"ARC":{"Algo":"X11","Name":"Arcticcoin","Symbol":"ARC"},"ARG-Argon2d4096":{"Algo":"Argon2d4096","Name":"Argentum","Symbol":"ARG"},"ARG-Lyra2RE2":{"Algo":"Lyra2RE2","Name":"Argentum","Symbol":"ARG"},"ARG-MyriadGroestl":{"Algo":"MyriadGroestl","Name":"Argentum","Symbol":"ARG"},"ARG-Scrypt":{"Algo":"Scrypt","Name":"Argentum","Symbol":"ARG"},"ARG-SHA256":{"Algo":"SHA256","Name":"Argentum","Symbol":"ARG"},"ARG-Yescrypt":{"Algo":"Yescrypt","Name":"Argentum","Symbol":"ARG"},"ARION":{"Algo":"X11","Name":"Arion","Symbol":"ARION"},"ARQ":{"Algo":"RandomArq","Name":"Arqma","Symbol":"ARQ"},"ARRR":{"Algo":"Equihash","Name":"Piratechain","Symbol":"ARRR"},"ARW":{"Algo":"Equihash24x7","Name":"ARW","Symbol":"ARW"},"ARWN":{"Algo":"YespowerARWN","Name":"Arowanacoin","Symbol":"ARWN"},"ATH":{"Algo":"Ethash","Name":"Atheios","Symbol":"ATH"},"ATOM":{"Algo":"EquihashR25x5x3","Name":"Atomis","Symbol":"ATOM"},"ATOMI":{"Algo":"EquihashR25x5x3","Name":"Atomi","Symbol":"ATOMI"},"AUR-MyriadGroestl":{"Algo":"MyriadGroestl","Name":"Aurora","Symbol":"AUR"},"AUR-Qubit":{"Algo":"Qubit","Name":"Aurora","Symbol":"AUR"},"AUR-SHA256":{"Algo":"SHA256","Name":"Aurora","Symbol":"AUR"},"AUR-Skein":{"Algo":"Skein","Name":"Aurora","Symbol":"AUR"},"AURA":{"Algo":"Ethash","Name":"Aura","Symbol":"AURA"},"AUS":{"Algo":"Scrypt","Name":"Australiacash","Symbol":"AUS"},"AVN-MinotaurX":{"Algo":"MinotaurX","Name":"Avian","Symbol":"AVN"},"AVN-X16rt":{"Algo":"X16rt","Name":"Avian","Symbol":"AVN"},"AXE":{"Algo":"X11","Name":"Axe","Symbol":"AXE"},"AYA":{"Algo":"Scrypt","Name":"Aryacoin","Symbol":"AYA"},"AZART":{"Algo":"X17","Name":"Azart","Symbol":"AZART"},"B2G":{"Algo":"Ethash","Name":"Bitcoiin2gen","Symbol":"B2G"},"BBC":{"Algo":"CryptoNightBBC","Name":"BBC Coin","Symbol":"BBC"},"BBR":{"Algo":"Wildkeccak","Name":"Boolberry","Symbol":"BBR"},"BCA":{"Algo":"SHA256","Name":"Atom","Symbol":"BCA"},"BCD":{"Algo":"Bcd","Name":"Bitdiamond","Symbol":"BCD"},"BCH":{"Algo":"SHA256","Name":"Bitcoincash","Symbol":"BCH"},"BCHA":{"Algo":"SHA256d","Name":"e.Cash","Symbol":"BCHA"},"BCHABC":{"Algo":"SHA256d","Name":"e.Cash","Symbol":"BCHABC"},"BCHSV":{"Algo":"SHA256d","Name":"BitcoinCash SV","Symbol":"BCHSV"},"BCI":{"Algo":"ProgPoW","Name":"Bitcoininterest","Symbol":"BCI"},"BCRS":{"Algo":"Argon2d250","Name":"BitCreds","Symbol":"BCRS"},"BCN":{"Algo":"CryptoNight","Name":"ByteCoin","Symbol":"BCN"},"BCX":{"Algo":"SHA256csm","Name":"BitcoinFlex","Symbol":"BCX"},"BEAM":{"Algo":"BeamHash3","Name":"Beam","Symbol":"BEAM"},"BELL":{"Algo":"Yespower","Name":"bellcoin","Symbol":"BELL"},"BET":{"Algo":"SHA256","Name":"Betacoin","Symbol":"BET"},"BFC":{"Algo":"Cuckaroo29bfc","Name":"Bitfree Cash","Symbol":"BFC"},"BHD":{"Algo":"C11","Name":"Bithold","Symbol":"BHD"},"BIN":{"Algo":"Binarium","Name":"Binarium","Symbol":"BIN"},"BITC":{"Algo":"X25x","Name":"Bitcash","Symbol":"BITC"},"BLAS":{"Algo":"X22","Name":"Blakestar2","Symbol":"BLAS"},"BLAST":{"Algo":"SHA256","Name":"Blast","Symbol":"BLAST"},"BLOC":{"Algo":"CryptoNightHeavyXhv","Name":"Bloc","Symbol":"BLOC"},"BNODE":{"Algo":"Honeycomb","Name":"Beenode","Symbol":"BNODE"},"BOLI":{"Algo":"X11","Name":"Bolivar","Symbol":"BOLI"},"BRAZ":{"Algo":"HMQ1725","Name":"Brazio","Symbol":"BRAZ"},"BSD":{"Algo":"Xevan","Name":"Bitsend","Symbol":"BSD"},"BSF":{"Algo":"SHA256csm","Name":"BitcoinSF","Symbol":"BSF"},"BSHA3":{"Algo":"SHA3d","Name":"Bsha3","Symbol":"BSHA3"},"BST":{"Algo":"Blockstamp","Name":"Blockstamp","Symbol":"BST"},"BSTY":{"Algo":"Yescrypt","Name":"Globalboost","Symbol":"BSTY"},"BSV":{"Algo":"SHA256","Name":"Bitcoin SV","Symbol":"BSV"},"BTA":{"Algo":"Lyra2z","Name":"Bata","Symbol":"BTA"},"BTB":{"Algo":"Scrypt","Name":"Bitbar","Symbol":"BTB"},"BTC":{"Algo":"SHA256","Name":"Bitcoin","Symbol":"BTC"},"BTCHP":{"Algo":"SHA256","Name":"Betchip","Symbol":"BTCHP"},"BTCP":{"Algo":"Equihash24x7","Name":"BitcoinPrivate","Symbol":"BTCP"},"BTCZ":{"Algo":"Equihash24x5","Name":"Bitcoinz","Symbol":"BTCZ"},"BTG":{"Algo":"Equihash24x5","Name":"Bitcoingold","Symbol":"BTG"},"BTH":{"Algo":"Equihash24x5","Name":"Bithereum","Symbol":"BTH"},"BTM":{"Algo":"Tensority","Name":"BTM","Symbol":"BTM"},"BTX":{"Algo":"MegaBTX","Name":"Bitcore","Symbol":"BTX"},"BUCK":{"Algo":"Equihash","Name":"Buck","Symbol":"BUCK"},"BUEN":{"Algo":"HMQ1725","Name":"Buenos","Symbol":"BUEN"},"BUTK-Take2":{"Algo":"Take2","Name":"Butcoin","Symbol":"BUTK"},"BUTK-Lyra2z330":{"Algo":"Lyra2z330","Name":"Butcoin","Symbol":"BUTK"},"BUTK-SHA256d":{"Algo":"SHA256d","Name":"Butcoin","Symbol":"BUTK"},"BUTK-Yespower":{"Algo":"Yespower","Name":"Butcoin","Symbol":"BUTK"},"BXT":{"Algo":"SHA256","Name":"Bittoken","Symbol":"BXT"},"BZE":{"Algo":"Equihash24x5","Name":"Bzedge","Symbol":"BZE"},"BZL":{"Algo":"Tribus","Name":"Bzlcoin","Symbol":"BZL"},"BZX":{"Algo":"Lyra2z","Name":"Bitcoin Zero","Symbol":"BZX"},"CANN":{"Algo":"X11","Name":"Cannabiscoin","Symbol":"CANN"},"CAT":{"Algo":"CryptoNightCAT","Name":"CatalansCoin","Symbol":"CAT"},"CBE":{"Algo":"PHI5","Name":"Combode","Symbol":"CBE"},"CBS":{"Algo":"NeoScrypt","Name":"Cerberus","Symbol":"CBS"},"CCX":{"Algo":"CryptoNightGPU","Name":"Conceal","Symbol":"CCX"},"CFX":{"Algo":"Octopus","Name":"Conflux","Symbol":"CFX"},"CHC":{"Algo":"C11","Name":"Chaincoin","Symbol":"CHC"},"CHI":{"Algo":"NeoscryptXaya","Name":"Xaya","Symbol":"CHI"},"CICO":{"Algo":"RandomXL","Name":"Coinicles","Symbol":"CICO"},"CIRC":{"Algo":"CircCash","Name":"CircCash","Symbol":"CIRC"},"CKB":{"Algo":"Eaglesong","Name":"CKB","Symbol":"CKB"},"CKBTEST":{"Algo":"Eaglesong","Name":"CKB Testnet","Symbol":"CKBTEST"},"CLO":{"Algo":"Ethash","Name":"Callisto","Symbol":"CLO"},"CMM":{"Algo":"Equihash","Name":"Commercium","Symbol":"CMM"},"CNOTE":{"Algo":"Quark","Name":"C-Note","Symbol":"CNOTE"},"COSA":{"Algo":"Cosa","Name":"Cosanta","Symbol":"COSA"},"CPU":{"Algo":"CpuPower","Name":"Cpuchain","Symbol":"CPU"},"CRDS":{"Algo":"Argon2d250","Name":"Credits","Symbol":"CRDS"},"CRM":{"Algo":"Skein","Name":"CREAM","Symbol":"CRM"},"CRP":{"Algo":"Yespower","Name":"Cranepay","Symbol":"CRP"},"CRS":{"Algo":"Lyra2z","Name":"Criptoreal","Symbol":"CRS"},"CSM":{"Algo":"SHA256csm","Name":"Consortium","Symbol":"CSM"},"CTXC":{"Algo":"Cuckaroo30","Name":"Cortex","Symbol":"CTXC"},"CURVE":{"Algo":"CurveHash","Name":"CurvehashCoin","Symbol":"CURVE"},"CXC":{"Algo":"X16r","Name":"Cryptroxcoin","Symbol":"CXC"},"CXT":{"Algo":"Nist5","Name":"Coinonat","Symbol":"CXT"},"D":{"Algo":"Tribus","Name":"Denarius","Symbol":"D"},"DASH":{"Algo":"X11","Name":"Dash","Symbol":"DASH"},"DBIX":{"Algo":"Ethash","Name":"Dubaicoin","Symbol":"DBIX"},"DCR":{"Algo":"Decrednicehash","Name":"Decred","Symbol":"DCR"},"DEFIS":{"Algo":"EquihashR25x5","Name":"Defis","Symbol":"DEFIS"},"DEFT":{"Algo":"Balloon","Name":"Deft","Symbol":"DEFT"},"DEM":{"Algo":"SHA256","Name":"Emark","Symbol":"DEM"},"DERO":{"Algo":"AstroBWT","Name":"Dero","Symbol":"DERO"},"DGB-Odocrypt":{"Algo":"Odocrypt","Name":"Digibyte","Symbol":"DGB"},"DGB-Qubit":{"Algo":"Qubit","Name":"Digibyte","Symbol":"DGB"},"DGB-Scrypt":{"Algo":"Scrypt","Name":"Digibyte","Symbol":"DGB"},"DGB-SHA256":{"Algo":"SHA256","Name":"Digibyte","Symbol":"DGB"},"DGB-SHA256d":{"Algo":"SHA256d","Name":"Digibyte","Symbol":"DGB"},"DGB-Skein":{"Algo":"Skein","Name":"Digibyte","Symbol":"DGB"},"DGBODO":{"Algo":"Odocrypt","Name":"Digibyte","Symbol":"DGBODO"},"DGC-Scrypt":{"Algo":"Scrypt","Name":"Digitalcoin","Symbol":"DGC"},"DGC-SHA256":{"Algo":"SHA256","Name":"Digitalcoin","Symbol":"DGC"},"DGC-X11":{"Algo":"X11","Name":"Digitalcoin","Symbol":"DGC"},"DIME":{"Algo":"Quark","Name":"Dimecoin","Symbol":"DIME"},"DIN":{"Algo":"NeoScrypt","Name":"Dinero","Symbol":"DIN"},"DMS":{"Algo":"YescryptR32","Name":"Documentchain","Symbol":"DMS"},"DNGR":{"Algo":"Lyra2z","Name":"Dangercoin","Symbol":"DNGR"},"DOGE":{"Algo":"Scrypt","Name":"Dogecoin","Symbol":"DOGE"},"DOGX":{"Algo":"Ethash","Name":"Dogethereum","Symbol":"DOGX"},"DSR":{"Algo":"NeoScrypt","Name":"Desire","Symbol":"DSR"},"DUO-Scrypt":{"Algo":"Scrypt","Name":"ParallelCoin","Symbol":"DUO"},"DUO-SHA256":{"Algo":"SHA256","Name":"ParallelCoin","Symbol":"DUO"},"DVS":{"Algo":"Lyra2RE2","Name":"Davies","Symbol":"DVS"},"DVT":{"Algo":"SHA256","Name":"Devault","Symbol":"DVT"},"DYN":{"Algo":"Argon2dDyn","Name":"Dynamic","Symbol":"DYN"},"EFL":{"Algo":"Scrypt","Name":"Egulden","Symbol":"EFL"},"EGEM":{"Algo":"Ethash","Name":"EtherGem","Symbol":"EGEM"},"ELI":{"Algo":"YescryptR16","Name":"Eli","Symbol":"ELI"},"ELLA":{"Algo":"Ethash","Name":"Ellaism","Symbol":"ELLA"},"EMC2":{"Algo":"Scrypt","Name":"Einsteinium","Symbol":"EMC2"},"ENCO":{"Algo":"Lyra2z","Name":"Block Masters Stealth","Symbol":"ENCO"},"EPIC-Cuckatoo31":{"Algo":"Cuckatoo31","Name":"EpicCash","Symbol":"EPIC"},"EPIC-RandomEPIC":{"Algo":"RandomEPIC","Name":"EpicCash","Symbol":"EPIC"},"EPIC-ProgPoW":{"Algo":"ProgPoWEpic","Name":"EpicCash","Symbol":"EPIC"},"EQT":{"Algo":"X11","Name":"Equitrade","Symbol":"EQT"},"ERC":{"Algo":"Hodl","Name":"EuropeCoin","Symbol":"ERC"},"ERE":{"Algo":"ProgPoWEthercore","Name":"Ethercore","Symbol":"ERE"},"ERG":{"Algo":"Autolykos2","Name":"Ergo","Symbol":"ERG"},"ESN":{"Algo":"Ethash","Name":"EtherSocial","Symbol":"ESN"},"ESP":{"Algo":"HMQ1725","Name":"Espers","Symbol":"ESP"},"ETC":{"Algo":"EtcHash","Name":"EtherClassic","Symbol":"ETC"},"ETCC":{"Algo":"Ethash","Name":"EtherCC","Symbol":"ETCC"},"ETH":{"Algo":"Ethash","Name":"Ethereum","Symbol":"ETH"},"ETHO":{"Algo":"Ethash","Name":"Ether1","Symbol":"ETHO"},"ETN":{"Algo":"CryptoNight","Name":"Electroneum","Symbol":"ETN"},"ETP":{"Algo":"Ethash","Name":"Metaverse","Symbol":"ETP"},"ETZ":{"Algo":"Ethash","Name":"EtherZero","Symbol":"ETZ"},"EUNO":{"Algo":"X11","Name":"Euno","Symbol":"EUNO"},"EVO":{"Algo":"RandomEvo","Name":"Coinevo","Symbol":"EVO"},"EVOX":{"Algo":"RandomArq","Name":"Evolution","Symbol":"EVOX"},"EXO":{"Algo":"X16r","Name":"Exosis","Symbol":"EXO"},"EXP":{"Algo":"Ethash","Name":"Expanse","Symbol":"EXP"},"FCH":{"Algo":"SHA256","Name":"Freecash","Symbol":"FCH"},"FIRO":{"Algo":"FiroPoW","Name":"Firo","Symbol":"FIRO"},"FJC":{"Algo":"ScryptN11","Name":"Fujicoin","Symbol":"FJC"},"FLM":{"Algo":"PHI","Name":"Folm","Symbol":"FLM"},"FLO":{"Algo":"Scrypt","Name":"Florincoin","Symbol":"FLO"},"FLUX":{"Algo":"EquihashR25x4","Name":"Flux","Symbol":"FLUX"},"FTC":{"Algo":"NeoScrypt","Name":"Feathercoin","Symbol":"FTC"},"FTO":{"Algo":"X11","Name":"Futuro","Symbol":"FTO"},"FXC":{"Algo":"Nist5","Name":"Fexchange","Symbol":"FXC"},"FXTC-Lyra2z":{"Algo":"Lyra2z","Name":"Fxtc Coin","Symbol":"FXTC"},"FXTC-Scrypt":{"Algo":"Scrypt","Name":"Fxtc Coin","Symbol":"FXTC"},"FXTC-SHA256":{"Algo":"SHA256","Name":"Fxtc Coin","Symbol":"FXTC"},"FXTC-SHA256d":{"Algo":"SHA256d","Name":"Fxtc Coin","Symbol":"FXTC"},"FXTC-X11":{"Algo":"X11","Name":"Fxtc Coin","Symbol":"FXTC"},"FXTC-X16R":{"Algo":"X16r","Name":"Fxtc Coin","Symbol":"FXTC"},"GAME":{"Algo":"Scrypt","Name":"Gamecredits","Symbol":"GAME"},"GAP":{"Algo":"GapSearch","Name":"GapCoin","Symbol":"GAP"},"GBPS":{"Algo":"PHI","Name":"BritishPoundCoin","Symbol":"GBPS"},"GBX":{"Algo":"NeoScrypt","Name":"Gobyte","Symbol":"GBX"},"GEERT":{"Algo":"Scrypt","Name":"Geertcoin","Symbol":"GEERT"},"GEN":{"Algo":"Ethash","Name":"Genom","Symbol":"GEN"},"GENIX":{"Algo":"X16r","Name":"Genix","Symbol":"GENIX"},"GENX":{"Algo":"Equihash24x7","Name":"Genesis","Symbol":"GENX"},"GEX":{"Algo":"PHI2","Name":"Gexan","Symbol":"GEX"},"GIN":{"Algo":"X16rt","Name":"Gin","Symbol":"GIN"},"GIO":{"Algo":"Scrypt","Name":"Graviocoin","Symbol":"GIO"},"GLC":{"Algo":"Scrypt","Name":"Goldcoin","Symbol":"GLC"},"GLD":{"Algo":"Scrypt","Name":"Goldcoin","Symbol":"GLD"},"GLEEC":{"Algo":"SHA256d","Name":"GleecBTC","Symbol":"GLEEC"},"GLT-Allium":{"Algo":"Allium","Name":"Globaltoken","Symbol":"GLT"},"GLT-ArcticHash":{"Algo":"ArcticHash","Name":"Globaltoken","Symbol":"GLT"},"GLT-GLTAstralHash":{"Algo":"GLTAstralHash","Name":"Globaltoken","Symbol":"GLT"},"GLT-Bitcore":{"Algo":"Bitcore","Name":"Globaltoken","Symbol":"GLT"},"GLT-Blake2s":{"Algo":"Blake2s","Name":"Globaltoken","Symbol":"GLT"},"GLT-C11":{"Algo":"C11","Name":"Globaltoken","Symbol":"GLT"},"GLT-Dedal":{"Algo":"Dedal","Name":"Globaltoken","Symbol":"GLT"},"GLT-Honeycomb":{"Algo":"Honeycomb","Name":"Globaltoken","Symbol":"GLT"},"GLT-GLTJeongHash":{"Algo":"GLTJeongHash","Name":"Globaltoken","Symbol":"GLT"},"GLT-KeccakC":{"Algo":"KeccakC","Name":"Globaltoken","Symbol":"GLT"},"GLT-Lyra2RE2":{"Algo":"Lyra2RE2","Name":"Globaltoken","Symbol":"GLT"},"GLT-Lyra2RE3":{"Algo":"Lyra2RE3","Name":"Globaltoken","Symbol":"GLT"},"GLT-Lyra2z":{"Algo":"Lyra2z","Name":"Globaltoken","Symbol":"GLT"},"GLT-MyriadGroestl":{"Algo":"MyriadGroestl","Name":"Globaltoken","Symbol":"GLT"},"GLT-NeoScrypt":{"Algo":"NeoScrypt","Name":"Globaltoken","Symbol":"GLT"},"GLT-Nist5":{"Algo":"Nist5","Name":"Globaltoken","Symbol":"GLT"},"GLT-GLTPadiHash":{"Algo":"GLTPadiHash","Name":"Globaltoken","Symbol":"GLT"},"GLT-GLTPawelHash":{"Algo":"GLTPawelHash","Name":"Globaltoken","Symbol":"GLT"},"GLT-PHI":{"Algo":"PHI","Name":"Globaltoken","Symbol":"GLT"},"GLT-PHI2":{"Algo":"PHI2","Name":"Globaltoken","Symbol":"GLT"},"GLT-Quark":{"Algo":"Quark","Name":"Globaltoken","Symbol":"GLT"},"GLT-Qubit":{"Algo":"Qubit","Name":"Globaltoken","Symbol":"GLT"},"GLT-Scrypt":{"Algo":"Scrypt","Name":"Globaltoken","Symbol":"GLT"},"GLT-SHA256":{"Algo":"SHA256","Name":"Globaltoken","Symbol":"GLT"},"GLT-Skein":{"Algo":"Skein","Name":"Globaltoken","Symbol":"GLT"},"GLT-Skunk":{"Algo":"Skunk","Name":"Globaltoken","Symbol":"GLT"},"GLT-Tribus":{"Algo":"Tribus","Name":"Globaltoken","Symbol":"GLT"},"GLT-X11":{"Algo":"X11","Name":"Globaltoken","Symbol":"GLT"},"GLT-X13":{"Algo":"X13","Name":"Globaltoken","Symbol":"GLT"},"GLT-X14":{"Algo":"X14","Name":"Globaltoken","Symbol":"GLT"},"GLT-X16r":{"Algo":"X16r","Name":"Globaltoken","Symbol":"GLT"},"GLT-X16rt":{"Algo":"X16rt","Name":"Globaltoken","Symbol":"GLT"},"GLT-X16s":{"Algo":"X16s","Name":"Globaltoken","Symbol":"GLT"},"GLT-X17":{"Algo":"X17","Name":"Globaltoken","Symbol":"GLT"},"GLT-X21s":{"Algo":"X21s","Name":"Globaltoken","Symbol":"GLT"},"GLT-X25x":{"Algo":"X25x","Name":"Globaltoken","Symbol":"GLT"},"GLT-Xevan":{"Algo":"Xevan","Name":"Globaltoken","Symbol":"GLT"},"GLT-Yescrypt":{"Algo":"Yescrypt","Name":"Globaltoken","Symbol":"GLT"},"GLT-Yespower":{"Algo":"Yespower","Name":"Globaltoken","Symbol":"GLT"},"GMC":{"Algo":"NeoScrypt","Name":"Grandmaster","Symbol":"GMC"},"GOL":{"Algo":"Ethash","Name":"Goldiam","Symbol":"GOL"},"GOLD":{"Algo":"YescryptR16","Name":"GoldCash","Symbol":"GOLD"},"GRFT":{"Algo":"RandomGRFT","Name":"Graft","Symbol":"GRFT"},"GRIM":{"Algo":"Scrypt","Name":"Grim","Symbol":"GRIM"},"GRIMM":{"Algo":"EquihashR25x5","Name":"Grimm","Symbol":"GRIMM"},"GRIN":{"Algo":"Cuckarooz29","Name":"Grin","Symbol":"GRIN"},"GRIN-C29":{"Algo":"Cuckarooz29","Name":"Grin","Symbol":"GRIN"},"GRIN-C31":{"Algo":"Cuckatoo31","Name":"Grin","Symbol":"GRIN"},"GRIN-C32":{"Algo":"Cuckatoo32","Name":"Grin","Symbol":"GRIN"},"GRIN-Cuckarooz29":{"Algo":"Cuckarooz29","Name":"Grin","Symbol":"GRIN"},"GRIN-Cuckatoo31":{"Algo":"Cuckatoo31","Name":"Grin","Symbol":"GRIN"},"GRIN-Cuckatoo32":{"Algo":"Cuckatoo32","Name":"Grin","Symbol":"GRIN"},"GRIN-SEC":{"Algo":"Cuckarooz29","Name":"Grin","Symbol":"GRIN"},"GRIN-PRI":{"Algo":"Cuckatoo32","Name":"Grin","Symbol":"GRIN"},"GRIN29":{"Algo":"Cuckarooz29","Name":"Grin","Symbol":"GRIN29"},"GRIN31":{"Algo":"Cuckatoo31","Name":"Grin","Symbol":"GRIN31"},"GRIN32":{"Algo":"Cuckatoo32","Name":"Grin","Symbol":"GRIN32"},"GRLC":{"Algo":"Allium","Name":"Garlic","Symbol":"GRLC"},"GRS":{"Algo":"Groestl","Name":"Groestl","Symbol":"GRS"},"GRV":{"Algo":"X16r","Name":"Gravium","Symbol":"GRV"},"GUN":{"Algo":"NeoScrypt","Name":"Gun","Symbol":"GUN"},"GXG":{"Algo":"X11","Name":"Groincoin","Symbol":"GXG"},"GXX":{"Algo":"Lyra2z330","Name":"Gravitycoin","Symbol":"GXX"},"HANA":{"Algo":"Lyra2RE3","Name":"Hanacoin","Symbol":"HANA"},"HATCH":{"Algo":"X11","Name":"HATCH","Symbol":"HATCH"},"HBC":{"Algo":"Ethash","Name":"HotelbyteCoin","Symbol":"HBC"},"HCASH":{"Algo":"Blakecoin","Name":"HCASH","Symbol":"HCASH"},"HDAC":{"Algo":"Skunk","Name":"HDAC","Symbol":"HDAC"},"HLC":{"Algo":"Cuckaroo24","Name":"Qitmeer","Symbol":"HLC"},"HLX":{"Algo":"X16r","Name":"Hilux","Symbol":"HLX"},"HODL":{"Algo":"Hodl","Name":"Hodlcoin","Symbol":"HODL"},"HORA":{"Algo":"ProgPOWH","Name":"Hydnora","Symbol":"HORA"},"HNS":{"Algo":"Blake2bSHA3","Name":"Handshake","Symbol":"HNS"},"HPC":{"Algo":"X11","Name":"Happy","Symbol":"HPC"},"HTA":{"Algo":"X16r","Name":"Historia","Symbol":"HTA"},"HTH":{"Algo":"X16r","Name":"Hthcoin","Symbol":"HTH"},"HUSH":{"Algo":"Equihash","Name":"Hush","Symbol":"HUSH"},"HYC":{"Algo":"CryptoNightHycon","Name":"Hycon","Symbol":"HYC"},"IC":{"Algo":"NeoScrypt","Name":"Ignition","Symbol":"IC"},"IFX":{"Algo":"Lyra2z","Name":"Infinex","Symbol":"IFX"},"IMG":{"Algo":"X11","Name":"Imagecoin","Symbol":"IMG"},"IMGC":{"Algo":"X11","Name":"Imagecash","Symbol":"IMGC"},"INFO":{"Algo":"Blake2s","Name":"Infocoin","Symbol":"INFO"},"INN":{"Algo":"NeoScrypt","Name":"Innova","Symbol":"INN"},"IOTS":{"Algo":"yespowerIOTS","Name":"IOTS","Symbol":"IOTS"},"IQ":{"Algo":"NeoScrypt","Name":"IQ Cash","Symbol":"IQ"},"IRD":{"Algo":"CryptoNightTurtle","Name":"Iridium","Symbol":"IRD"},"IRL":{"Algo":"Scrypt","Name":"Irishcoin","Symbol":"IRL"},"ISO":{"Algo":"yespowerIC","Name":"IsotopeC","Symbol":"ISO"},"ITC":{"Algo":"yespowerITC","Name":"Intercoin","Symbol":"ITC"},"ITZ":{"Algo":"C11","Name":"Interzone","Symbol":"ITZ"},"JEM":{"Algo":"MTP","Name":"Jemcash","Symbol":"JEM"},"JINY":{"Algo":"X16r","Name":"Jinycoin","Symbol":"JINY"},"JOYS":{"Algo":"Ethash","Name":"Joys Digital","Symbol":"JOYS"},"KDA":{"Algo":"Blake2s","Name":"Kadena","Symbol":"KDA"},"KLR":{"Algo":"RandomXHFPI","Name":"Klaro","Symbol":"KLR"},"KMD":{"Algo":"Equihash","Name":"Komodo","Symbol":"KMD"},"KOTO":{"Algo":"YescryptR8g","Name":"koto","Symbol":"KOTO"},"KRB":{"Algo":"CryptoNight","Name":"Karbo","Symbol":"KRB"},"KREDS":{"Algo":"Lyra2RE2","Name":"Kreds","Symbol":"KREDS"},"KVA":{"Algo":"RandomKEVA","Name":"Kevacoin","Symbol":"KVA"},"KYAN":{"Algo":"X11k","Name":"Kyanite","Symbol":"KYAN"},"KYF":{"Algo":"SHA256d","Name":"Cryptofranc","Symbol":"KYF"},"KZC":{"Algo":"X11","Name":"KZ Cash","Symbol":"KZC"},"LANA":{"Algo":"SHA256","Name":"Lana","Symbol":"LANA"},"LBC":{"Algo":"Lbry","Name":"Lbryio","Symbol":"LBC"},"LBTC":{"Algo":"YescryptR32","Name":"Litebitcoin","Symbol":"LBTC"},"LCC":{"Algo":"MinotaurX","Name":"LitecoinCash","Symbol":"LCC"},"LDC":{"Algo":"SHA256csm","Name":"Leedcoin","Symbol":"LDC"},"LEVO":{"Algo":"X11","Name":"Levocoin","Symbol":"LEVO"},"LINC":{"Algo":"NeoScrypt","Name":"Linc","Symbol":"LINC"},"LINX":{"Algo":"Scrypt","Name":"Linx","Symbol":"LINX"},"LITB":{"Algo":"yespowerLITB","Name":"LightBit","Symbol":"LITB"},"LOG":{"Algo":"Skein2","Name":"Woodcoin","Symbol":"LOG"},"LOKI":{"Algo":"RandomXL","Name":"Loki","Symbol":"LOKI"},"LRA":{"Algo":"C11","Name":"Learnium","Symbol":"LRA"},"LTC":{"Algo":"Scrypt","Name":"Litecoin","Symbol":"LTC"},"LTCX":{"Algo":"X11","Name":"Litecoinx","Symbol":"LTCX"},"LTFN":{"Algo":"YescryptR32","Name":"Ltfinance","Symbol":"LTFN"},"LTNCG":{"Algo":"yespowerLTNCG","Name":"LightningCash-Gold","Symbol":"LTNCG"},"LTHN":{"Algo":"CryptoNightR","Name":"Lethean","Symbol":"LTHN"},"LTZ":{"Algo":"Equihash24x5","Name":"LitecoinZ","Symbol":"LTZ"},"LUCKY":{"Algo":"NeoScrypt","Name":"LUCKY","Symbol":"LUCKY"},"LUX":{"Algo":"RX2","Name":"LuxCoin","Symbol":"LUX"},"MAC":{"Algo":"Timetravel","Name":"Machine","Symbol":"MAC"},"MAX":{"Algo":"Keccak","Name":"Maxcoin","Symbol":"MAX"},"MBC":{"Algo":"Yespower2b","Name":"Microbitcoin","Symbol":"MBC"},"MBGL":{"Algo":"Skunk","Name":"Mobitglobal","Symbol":"MBGL"},"MDEX":{"Algo":"X16r","Name":"Moondex","Symbol":"MDEX"},"MEC":{"Algo":"MegaMEC","Name":"Megacoin","Symbol":"MEC"},"MEG":{"Algo":"MegaMEC","Name":"Megacoin","Symbol":"MEG"},"MGPC":{"Algo":"YespowerMGPC","Name":"MagPieCoin","Symbol":"MGPC"},"MINTME":{"Algo":"Lyra2RE2Webchain","Name":"MintmeCoin","Symbol":"MINTME"},"MIX":{"Algo":"Ethash","Name":"Mix","Symbol":"MIX"},"MNC":{"Algo":"Scrypt","Name":"Mincoin","Symbol":"MNC"},"MNX":{"Algo":"Equihash16x5","Name":"Minex","Symbol":"MNX"},"MOAC":{"Algo":"Ethash","Name":"Moac","Symbol":"MOAC"},"MOG":{"Algo":"NeoScrypt","Name":"Mogwai","Symbol":"MOG"},"MON":{"Algo":"NeoScrypt","Name":"Btcmonster","Symbol":"MON"},"MONA":{"Algo":"Lyra2RE2","Name":"Mona","Symbol":"MONA"},"MRL":{"Algo":"RandomArq","Name":"Morelo","Symbol":"MRL"},"MSR":{"Algo":"CryptoNightFast2","Name":"Masari","Symbol":"MSR"},"MUSIC":{"Algo":"Ethash","Name":"Musicoin","Symbol":"MUSIC"},"MWC":{"Algo":"Cuckarood29","Name":"MimbleWimbleCoin","Symbol":"MWC"},"MWC-C29":{"Algo":"Cuckarood29","Name":"MimbleWimbleCoin","Symbol":"MWC"},"MWC-C31":{"Algo":"Cuckatoo31","Name":"MimbleWimbleCoin","Symbol":"MWC"},"MWC-Cuckarood29":{"Algo":"Cuckarood29","Name":"MimbleWimbleCoin","Symbol":"MWC"},"MWC-Cuckatoo31":{"Algo":"Cuckatoo31","Name":"MimbleWimbleCoin","Symbol":"MWC"},"MWC-SEC":{"Algo":"Cuckarood29","Name":"MimbleWimbleCoin","Symbol":"MWC"},"MWC-PRI":{"Algo":"Cuckatoo31","Name":"MimbleWimbleCoin","Symbol":"MWC"},"MWC29":{"Algo":"Cuckarood29","Name":"MimbleWimbleCoin","Symbol":"MWC29"},"MWC31":{"Algo":"Cuckatoo31","Name":"MimbleWimbleCoin","Symbol":"MWC31"},"MYNT":{"Algo":"X16s","Name":"Mynt","Symbol":"MYNT"},"NBX":{"Algo":"CryptoNightLiteV7","Name":"NibbleClassic","Symbol":"NBX"},"NAD":{"Algo":"SHA256csm","Name":"Nadir","Symbol":"NAD"},"NEET":{"Algo":"Scrypt","Name":"Neetcoin","Symbol":"NEET"},"NEVA":{"Algo":"Blake2s","Name":"Nevacoin","Symbol":"NEVA"},"NILU":{"Algo":"Ethash","Name":"Nilu","Symbol":"NILU"},"NIM":{"Algo":"Argon2dNim","Name":"NIMIQ","Symbol":"NIM"},"NLG":{"Algo":"Scrypt","Name":"Gulden","Symbol":"NLG"},"NMC":{"Algo":"SHA256","Name":"Namecoin","Symbol":"NMC"},"NMS":{"Algo":"Dedal","Name":"Numus","Symbol":"NMS"},"NOON":{"Algo":"YescryptR16","Name":"Nooncoin","Symbol":"NOON"},"NSD":{"Algo":"Scrypt","Name":"Nasda","Symbol":"NSD"},"NUKO":{"Algo":"Ethash","Name":"Nekonium","Symbol":"NUKO"},"NVC":{"Algo":"Scrypt","Name":"Novacoin","Symbol":"NVC"},"NXS":{"Algo":"NexusHash","Name":"Nexus","Symbol":"NXS"},"NYAN":{"Algo":"Scrypt","Name":"Nyancoin","Symbol":"NYAN"},"NYGC":{"Algo":"Scrypt","Name":"Newyorkgoldcoin","Symbol":"NYGC"},"NYX":{"Algo":"NeoScrypt","Name":"Nyxcoin","Symbol":"NYX"},"OBTC":{"Algo":"HeavyHash","Name":"OpticalBitcoin","Symbol":"OBTC"},"OBV":{"Algo":"CurveHash","Name":"Oblivioncoin","Symbol":"OBV"},"OCP":{"Algo":"SHA256t","Name":"Ocp","Symbol":"OCP"},"OMEGA":{"Algo":"X11","Name":"Omega","Symbol":"OMEGA"},"ONION":{"Algo":"X13","Name":"Deeponion","Symbol":"ONION"},"ONX":{"Algo":"X11","Name":"ONIX","Symbol":"ONX"},"ORB":{"Algo":"NeoScrypt","Name":"Orbitcoin","Symbol":"ORB"},"PAC":{"Algo":"X11","Name":"$PAC","Symbol":"PAC"},"PASC":{"Algo":"RandomHash2","Name":"Pascalcoin","Symbol":"PASC"},"PBTC":{"Algo":"HeavyHash","Name":"PhotonicBitcoin","Symbol":"PBTC"},"PCOIN":{"Algo":"X11","Name":"Pioneercoin","Symbol":"PCOIN"},"PEXA":{"Algo":"X16rv2","Name":"Pexa Coin","Symbol":"PEXA"},"PGC":{"Algo":"Ethash","Name":"Pegascoin","Symbol":"PGC"},"PGN":{"Algo":"X16s","Name":"Pigeon","Symbol":"PGN"},"PGO":{"Algo":"CryptoNightTurtle","Name":"PengolinCoin","Symbol":"PGO"},"PHC":{"Algo":"Scrypt","Name":"Profithunter","Symbol":"PHC"},"PHL":{"Algo":"X16r","Name":"Placeholders","Symbol":"PHL"},"PINK":{"Algo":"Scrypt","Name":"Pinkcoin","Symbol":"PINK"},"PIRL":{"Algo":"Ethash","Name":"Pirl","Symbol":"PIRL"},"PLE":{"Algo":"CryptoNightTurtle","Name":"Plenteum","Symbol":"PLE"},"PLUS":{"Algo":"HMQ1725","Name":"Plusonecoin","Symbol":"PLUS"},"PLUS1":{"Algo":"HMQ1725","Name":"Plusonecoin","Symbol":"PLUS1"},"PMEER":{"Algo":"Cuckaroom29","Name":"Qitmeer","Symbol":"PMEER"},"POLY":{"Algo":"Polytimos","Name":"Polytimos","Symbol":"POLY"},"PPC":{"Algo":"SHA256","Name":"Peercoin","Symbol":"PPC"},"PRIV":{"Algo":"X13","Name":"Privcy","Symbol":"PRIV"},"PRKL":{"Algo":"Ethash","Name":"Perkle","Symbol":"PRKL"},"PTC":{"Algo":"Scrypt","Name":"Pesetacoin","Symbol":"PTC"},"PURA":{"Algo":"X11","Name":"Pura","Symbol":"PURA"},"PWR":{"Algo":"Nist5","Name":"Pwrcoin","Symbol":"PWR"},"PXC":{"Algo":"NeoScrypt","Name":"Phoenixcoin","Symbol":"PXC"},"PYRK-Scrypt":{"Algo":"Scrypt","Name":"Pyrk","Symbol":"PYRK"},"PYRK-SHA256":{"Algo":"SHA256","Name":"Pyrk","Symbol":"PYRK"},"PYRK-X11":{"Algo":"X11","Name":"Pyrk","Symbol":"PYRK"},"PYRK-Yespower":{"Algo":"Yespower","Name":"Pyrk","Symbol":"PYRK"},"QBS":{"Algo":"X16s","Name":"Qbase","Symbol":"QBS"},"QKC":{"Algo":"Ethash","Name":"QuarkChain","Symbol":"QKC"},"QRL":{"Algo":"RandomX","Name":"Quantum","Symbol":"QRL"},"QRN":{"Algo":"X33","Name":"Qureno","Symbol":"QRN"},"QWC":{"Algo":"CryptoNight","Name":"QwertyCoin","Symbol":"QWC"},"RACE":{"Algo":"Lyra2RE2","Name":"Race","Symbol":"RACE"},"RAP":{"Algo":"NeoScrypt","Name":"Rapture","Symbol":"RAP"},"REDN":{"Algo":"X16s","Name":"Reden","Symbol":"REDN"},"REOSC":{"Algo":"Ethash","Name":"REOSC Ecosystem","Symbol":"REOSC"},"RES":{"Algo":"YespowerRES","Name":"Resistance","Symbol":"RES"},"RIC":{"Algo":"Primesr","Name":"Riecoin","Symbol":"RIC"},"RING":{"Algo":"Minotaur","Name":"Ring","Symbol":"RING"},"RITO":{"Algo":"X21s","Name":"Ritocoin","Symbol":"RITO"},"RNG":{"Algo":"Minotaur","Name":"Ring","Symbol":"RNG"},"ROI":{"Algo":"Hodl","Name":"Roicoin","Symbol":"ROI"},"ROL":{"Algo":"Ethash","Name":"Roller","Symbol":"ROL"},"RPG":{"Algo":"X21s","Name":"RPG","Symbol":"RPG"},"RTID":{"Algo":"YescryptR16","Name":"Rtidcoin","Symbol":"RTID"},"RTM":{"Algo":"Take2","Name":"Raptor3um","Symbol":"RTM"},"RVC":{"Algo":"X16r","Name":"RavencoinClassic","Symbol":"RVC"},"RVL":{"Algo":"X16r","Name":"RavencoinLite","Symbol":"RVL"},"RVN":{"Algo":"KawPOW","Name":"Ravencoin","Symbol":"RVN"},"RVNKP":{"Algo":"KawPOW","Name":"Testnet RVN","Symbol":"RVNKP"},"RVNt":{"Algo":"KawPOW","Name":"Testnet RVN","Symbol":"RVNt"},"RYO":{"Algo":"CryptoNightGPU","Name":"Ryo","Symbol":"RYO"},"SAFE":{"Algo":"Equihash24x7","Name":"Safecoin","Symbol":"SAFE"},"SAFEC":{"Algo":"Equihash24x7","Name":"SafecoinClassic","Symbol":"SAFEC"},"SAP":{"Algo":"Lyra2RE2","Name":"Methuselah","Symbol":"SAP"},"SAROS":{"Algo":"X11","Name":"Soros","Symbol":"SAROS"},"SC":{"Algo":"Blake2b","Name":"Siacoin","Symbol":"SC"},"SCASH":{"Algo":"Equihash24x5","Name":"Safecash","Symbol":"SCASH"},"SCC":{"Algo":"Blake2b","Name":"Stockchain","Symbol":"SCC"},"SCIFI":{"Algo":"Scrypt","Name":"Scifi","Symbol":"SCIFI"},"SCRIV":{"Algo":"Tribus","Name":"Scriv","Symbol":"SCRIV"},"SECI":{"Algo":"Lyra2RE2","Name":"SECI","Symbol":"SECI"},"SERO":{"Algo":"ProgPoWSero","Name":"Superzero","Symbol":"SERO"},"SFX":{"Algo":"RandomSFX","Name":"Safexcash","Symbol":"SFX"},"SHIELD-MYR":{"Algo":"MyriadGroestl","Name":"SHIELD","Symbol":"SHIELD"},"SIB":{"Algo":"Sib","Name":"Sib","Symbol":"SIB"},"SIN":{"Algo":"X25x","Name":"Sinovative","Symbol":"SIN"},"SKC":{"Algo":"Skein","Name":"Skeincoin","Symbol":"SKC"},"SMART":{"Algo":"Keccak","Name":"Smartcash","Symbol":"SMART"},"SONO":{"Algo":"SonoA","Name":"Sono","Symbol":"SONO"},"SOV":{"Algo":"X16r","Name":"Sovereign","Symbol":"SOV"},"SPRX":{"Algo":"Yespower","Name":"SprintPay","Symbol":"SPRX"},"SWAMP":{"Algo":"Yespower","Name":"SwampCoin","Symbol":"SWAMP"},"SPDR":{"Algo":"PHI2","Name":"Spider","Symbol":"SPDR"},"SPK":{"Algo":"NeoScrypt","Name":"Sparkspay","Symbol":"SPK"},"SPLD":{"Algo":"KawPOW","Name":"SplendidCoin","Symbol":"SPLD"},"SRC":{"Algo":"Quark","Name":"Secure","Symbol":"SRC"},"SSC":{"Algo":"Lyra2z330","Name":"SuperstringChain","Symbol":"SSC"},"STAK":{"Algo":"Lyra2RE2","Name":"Straks","Symbol":"STAK"},"START":{"Algo":"X11","Name":"Startcoin","Symbol":"START"},"STM":{"Algo":"Lyra2z","Name":"Stimcoin","Symbol":"STM"},"STRMS":{"Algo":"Skunk","Name":"Streamies","Symbol":"STRMS"},"SUGAR":{"Algo":"yespowerSUGAR","Name":"SugarChain","Symbol":"SUGAR"},"SUMO":{"Algo":"CryptoNightR","Name":"Sumokoin","Symbol":"SUMO"},"SUN":{"Algo":"NeoScrypt","Name":"Suncoin","Symbol":"SUN"},"SUSU":{"Algo":"SHA256","Name":"Susucoin","Symbol":"SUSU"},"SXC":{"Algo":"Scrypt","Name":"Sexcoin","Symbol":"SXC"},"SYS":{"Algo":"SHA256","Name":"Syscoin","Symbol":"SYS"},"TCR":{"Algo":"MTPTcr","Name":"Tecracoin","Symbol":"TCR"},"TDC":{"Algo":"YespowerTIDE","Name":"Tidecoin","Symbol":"TDC"},"TENT":{"Algo":"Equihash24x5","Name":"Tent","Symbol":"TENT"},"TEO":{"Algo":"TEThashV1","Name":"Trusteth Reorigin","Symbol":"TEO"},"THOR":{"Algo":"Scrypt","Name":"ThorCoin","Symbol":"THOR"},"TIM":{"Algo":"SHA256csm","Name":"TIMcoin","Symbol":"TIM"},"TLO":{"Algo":"CryptoNightUltraV2","Name":"Talleo","Symbol":"TLO"},"TLR":{"Algo":"Lyra2z","Name":"Taler","Symbol":"TLR"},"TNET":{"Algo":"Blake2b","Name":"Title","Symbol":"TNET"},"TOPAZ":{"Algo":"Scrypt","Name":"Topaz","Symbol":"TOPAZ"},"TRAID":{"Algo":"NeoScrypt","Name":"Traid","Symbol":"TRAID"},"TRB":{"Algo":"Tellor","Name":"Tellor","Symbol":"TRB"},"TRC":{"Algo":"SHA256","Name":"Terracoin","Symbol":"TRC"},"TROLL":{"Algo":"Scrypt","Name":"Trollcoin","Symbol":"TROLL"},"TRTL":{"Algo":"Argon2ChukwaV2","Name":"Turtle","Symbol":"TRTL"},"TSF":{"Algo":"Ethash","Name":"Transaction Service Fee","Symbol":"TSF"},"TTNZ":{"Algo":"CryptoNightTurtle","Name":"Tritanium","Symbol":"TTNZ"},"TUBE":{"Algo":"Cuckaroo29b","Name":"Bittube","Symbol":"TUBE"},"TUBE4":{"Algo":"Cuckaroo29b","Name":"Bittube","Symbol":"TUBE4"},"TUX":{"Algo":"Allium","Name":"Tuxcoin","Symbol":"TUX"},"TZC":{"Algo":"NeoScrypt","Name":"Trezarcoin","Symbol":"TZC"},"UBQ":{"Algo":"UbqHash","Name":"UBIQ","Symbol":"UBQ"},"UFO":{"Algo":"x17r","Name":"UfoProject","Symbol":"UFO"},"UIS-Lyra2RE2":{"Algo":"Lyra2RE2","Name":"Unitus","Symbol":"UIS"},"UIS-Skein":{"Algo":"Skein","Name":"Unitus","Symbol":"UIS"},"UIS-X11":{"Algo":"X11","Name":"Unitus","Symbol":"UIS"},"UIS-Yescrypt":{"Algo":"Yescrypt","Name":"Unitus","Symbol":"UIS"},"UMBRU":{"Algo":"X25x","Name":"UMBRU","Symbol":"UMBRU"},"UPX":{"Algo":"CryptoNightLiteUpx2","Name":"Uplexa","Symbol":"UPX"},"URALS":{"Algo":"Xevan","Name":"Uralscoin","Symbol":"URALS"},"URX":{"Algo":"yespowerURX","Name":"Uranium-x","Symbol":"URX"},"UT":{"Algo":"CryptoHello","Name":"ULORD","Symbol":"UT"},"V8":{"Algo":"X11","Name":"V8 Coin","Symbol":"V8"},"VBK":{"Algo":"vProgPoW","Name":"Veriblock","Symbol":"VBK"},"VDL":{"Algo":"Equihash24x7","Name":"Vidulum","Symbol":"VDL"},"VDS":{"Algo":"EquihashVds","Name":"VDimension","Symbol":"VDS"},"VECO":{"Algo":"Yespower","Name":"Veco","Symbol":"VECO"},"VEGI":{"Algo":"HMQ1725","Name":"Veggie","Symbol":"VEGI"},"VEIL":{"Algo":"ProgPowVeil","Name":"Veil","Symbol":"VEIL"},"VIA":{"Algo":"Scrypt","Name":"Viacoin","Symbol":"VIA"},"VIC":{"Algo":"Ethash","Name":"Victorim","Symbol":"VIC"},"VIOG":{"Algo":"NeoScrypt","Name":"Viog","Symbol":"VIOG"},"Viridi":{"Algo":"Hex","Name":"Viridi","Symbol":"Viridi"},"VIVO":{"Algo":"NeoScrypt","Name":"Vivo","Symbol":"VIVO"},"VLS-Lyra2z":{"Algo":"Lyra2z","Name":"Veles","Symbol":"VLS"},"VLS-Nist5":{"Algo":"Nist5","Name":"Veles","Symbol":"VLS"},"VLS-Scrypt":{"Algo":"Scrypt","Name":"Veles","Symbol":"VLS"},"VLS-SHA256":{"Algo":"SHA256","Name":"Veles","Symbol":"VLS"},"VLS-X11":{"Algo":"X11","Name":"Veles","Symbol":"VLS"},"VLS-X16r":{"Algo":"X16r","Name":"Veles","Symbol":"VLS"},"VOLLAR":{"Algo":"EquihashVds","Name":"VDimension","Symbol":"VOLLAR"},"VOT":{"Algo":"Equihash","Name":"Votecoin","Symbol":"VOT"},"VRM":{"Algo":"ScryptN2","Name":"VeriumReserve","Symbol":"VRM"},"VRSC":{"Algo":"VerusHash","Name":"Verus","Symbol":"VRSC"},"VTC":{"Algo":"VertHash","Name":"Vertcoin","Symbol":"VTC"},"WDC":{"Algo":"Scrypt","Name":"Worldcoin","Symbol":"WDC"},"WHL":{"Algo":"Ethash","Name":"WhaleCoin","Symbol":"WHL"},"WLI":{"Algo":"Ethash","Name":"Wanliuno","Symbol":"WLI"},"WOW":{"Algo":"RandomWow","Name":"Wownero","Symbol":"WOW"},"WSBC":{"Algo":"CryptoNightTurtle","Name":"WallstreetBets","Symbol":"WSBC"},"WXC":{"Algo":"X13","Name":"Wxcoin","Symbol":"WXC"},"XBG":{"Algo":"Cuckaroo29","Name":"BitGrin","Symbol":"XBG"},"XBG-Cuckaroo29":{"Algo":"Cuckaroo29","Name":"BitGrin","Symbol":"XBG"},"XBG-Cuckatoo31":{"Algo":"Cuckatoo31","Name":"BitGrin","Symbol":"XBG"},"XBG-SEC":{"Algo":"Cuckaroo29","Name":"BitGrin","Symbol":"XBG"},"XBG-PRI":{"Algo":"Cuckatoo31","Name":"BitGrin","Symbol":"XBG"},"XBG29":{"Algo":"Cuckaroo29","Name":"BitGrin","Symbol":"XBG29"},"XBG31":{"Algo":"Cuckatoo31","Name":"BitGrin","Symbol":"XBG31"},"XBTG":{"Algo":"Scrypt","Name":"Bitgem","Symbol":"XBTG"},"XCASH":{"Algo":"CryptoNightHeavyX","Name":"Xcash","Symbol":"XCASH"},"XCN":{"Algo":"M7","Name":"Cryptonite","Symbol":"XCN"},"XCY":{"Algo":"CryptoNightTurtle","Name":"CyprusCoin","Symbol":"XCY"},"XDN":{"Algo":"BMW512","Name":"Digitalnote","Symbol":"XDN"},"XDNA":{"Algo":"Hex","Name":"XDNA","Symbol":"XDNA"},"XEBEC":{"Algo":"X11","Name":"Xebec","Symbol":"XEBEC"},"XEQ":{"Algo":"CryptoNightGPU","Name":"Equilibria","Symbol":"XEQ"},"XFR":{"Algo":"MTP","Name":"Firo","Symbol":"XFR"},"XGCS":{"Algo":"X16r","Name":"Xgalaxycoin","Symbol":"XGCS"},"XGM":{"Algo":"EquihashR25x5","Name":"Defis","Symbol":"XGM"},"XHV":{"Algo":"CryptoNightHeavyXhv","Name":"Haven","Symbol":"XHV"},"XJO":{"Algo":"SHA256","Name":"Joulecoin","Symbol":"XJO"},"XLA":{"Algo":"Panthera","Name":"Scala","Symbol":"XLA"},"XMC":{"Algo":"CryptoNight","Name":"MoneroClassic","Symbol":"XMC"},"XMCC":{"Algo":"X11","Name":"Monoeci","Symbol":"XMCC"},"XMG":{"Algo":"m7m","Name":"Magi","Symbol":"XMG"},"XMN":{"Algo":"X16r","Name":"Motionproject","Symbol":"XMN"},"XMR":{"Algo":"RandomX","Name":"Monero","Symbol":"XMR"},"XMV":{"Algo":"Cuckarood29v","Name":"MoneroV","Symbol":"XMV"},"XMY-Argon2d4096":{"Algo":"Argon2d4096","Name":"Myriad","Symbol":"XMY"},"XMY-MyriadGroestl":{"Algo":"MyriadGroestl","Name":"Myriad","Symbol":"XMY"},"XMY-Scrypt":{"Algo":"Scrypt","Name":"Myriad","Symbol":"XMY"},"XMY-SHA256":{"Algo":"SHA256","Name":"Myriad","Symbol":"XMY"},"XMY-yescrypt":{"Algo":"Yescrypt","Name":"Myriad","Symbol":"XMY"},"XOL":{"Algo":"RandomX","Name":"Xolentum","Symbol":"XOL"},"XRC":{"Algo":"X13","Name":"Bitcoin Rhodium","Symbol":"XRC"},"XRD":{"Algo":"X16r","Name":"Raven Dark","Symbol":"XRD"},"XSC":{"Algo":"Blake2b","Name":"XSC","Symbol":"XSC"},"XSG":{"Algo":"Equihash24x5","Name":"Snowgem","Symbol":"XSG"},"XSH":{"Algo":"Scrypt","Name":"SHIELD","Symbol":"XSH"},"XSHB":{"Algo":"Blake2s","Name":"SHIELD","Symbol":"XSHB"},"XSH-Blake2s":{"Algo":"Blake2s","Name":"SHIELD","Symbol":"XSH"},"XSH-Lyra2RE2":{"Algo":"Lyra2RE2","Name":"SHIELD","Symbol":"XSH"},"XSH-MyriadGroestl":{"Algo":"MyriadGroestl","Name":"SHIELD","Symbol":"XSH"},"XSH-Scrypt":{"Algo":"Scrypt","Name":"SHIELD","Symbol":"XSH"},"XSH-X16s":{"Algo":"X16s","Name":"SHIELD","Symbol":"XSH"},"XSH-X17":{"Algo":"X17","Name":"SHIELD","Symbol":"XSH"},"XSPC":{"Algo":"C11","Name":"Spectre","Symbol":"XSPC"},"XSR":{"Algo":"X16r","Name":"Sucrecoin","Symbol":"XSR"},"XEC":{"Algo":"SHA256d","Name":"e.Cash","Symbol":"XEC"},"XTA":{"Algo":"Cuckaroo29i","Name":"Italo","Symbol":"XTA"},"XTNC":{"Algo":"Cuckaroo29s","Name":"XtendCash","Symbol":"XTNC"},"XVG-Blake2s":{"Algo":"Blake2s","Name":"Verge","Symbol":"XVG"},"XVG-Lyra2RE2":{"Algo":"Lyra2RE2","Name":"Verge","Symbol":"XVG"},"XVG-MyriadGroestl":{"Algo":"MyriadGroestl","Name":"Verge","Symbol":"XVG"},"XVG-Scrypt":{"Algo":"Scrypt","Name":"Verge","Symbol":"XVG"},"XVG-X17":{"Algo":"X17","Name":"VERGE","Symbol":"XVG"},"XVP":{"Algo":"X11","Name":"Virtacoinplus","Symbol":"XVP"},"XWP":{"Algo":"Cuckaroo29s","Name":"Swap","Symbol":"XWP"},"XZC":{"Algo":"MTP","Name":"Firo","Symbol":"XZC"},"XZX":{"Algo":"NeoScrypt","Name":"Zixx","Symbol":"XZX"},"YDA":{"Algo":"RandomYada","Name":"YadaCoin","Symbol":"YDA"},"YEC":{"Algo":"Equihash24x7","Name":"Ycash","Symbol":"YEC"},"YOC":{"Algo":"Ethash","Name":"Yocoin","Symbol":"YOC"},"YTN":{"Algo":"YespowerR16","Name":"Yenten","Symbol":"YTN"},"ZANO":{"Algo":"ProgPoWZ","Name":"Zano","Symbol":"ZANO"},"ZCH":{"Algo":"Equihash24x5","Name":"0cash","Symbol":"ZCH"},"ZCL":{"Algo":"Equihash24x7","Name":"Zclassic","Symbol":"ZCL"},"ZCR":{"Algo":"Lyra2z","Name":"Zcore","Symbol":"ZCR"},"ZEC":{"Algo":"Equihash","Name":"Zcash","Symbol":"ZEC"},"ZEL":{"Algo":"EquihashR25x4","Name":"Zelcash","Symbol":"ZEL"},"ZELS":{"Algo":"KawPOW","Name":"Zelantus","Symbol":"ZELS"},"ZEN":{"Algo":"Equihash","Name":"Zencash","Symbol":"ZEN"},"ZENX":{"Algo":"BalloonZenX","Name":"Zentoshi Coin","Symbol":"ZENX"},"ZEON":{"Algo":"Hex","Name":"Zeon","Symbol":"ZEON"},"ZER":{"Algo":"Equihash24x7","Name":"Zero","Symbol":"ZER"},"ZERC":{"Algo":"Equihash24x7","Name":"ZeroClassic","Symbol":"ZERC"},"ZMY":{"Algo":"Argon2d250","Name":"Zumy","Symbol":"ZMY"},"ZNY":{"Algo":"YescryptR8","Name":"Bitzeny","Symbol":"ZNY"},"ZOC":{"Algo":"NeoScrypt","Name":"01Coin","Symbol":"ZOC"},"ZP":{"Algo":"ZenProtocol","Name":"ZenProtocol","Symbol":"ZP"},"ZUR":{"Algo":"Quark","Name":"Zurcoin","Symbol":"ZUR"}}
