{
  "bitcoin": "BTC",
  "ethereum": "ETH",
  "ripple": "XRP",
  "bitcoincash": "BCH",
  "litecoin": "LTC",
  "binancecoin": "BNB",
  "tether": "USDT",
  "eos": "EOS",
  "bitcoinsv": "BSV",
  "monero": "XMR",
  "stellar": "XLM",
  "tron": "TRX",
  "cardano": "ADA",
  "unussedleo": "LEO",
  "dash": "DASH",
  "tezos": "XTZ",
  "chainlink": "LINK",
  "neo": "NEO",
  "iota": "MIOTA",
  "ethereumclassic": "ETC",
  "cosmos": "ATOM",
  "nem": "XEM",
  "maker": "MKR",
  "ontology": "ONT",
  "cryptocomchain": "CRO",
  "usdcoin": "USC",
  "zcash": "ZEC",
  "vsystems": "VSYS",
  "dogecoin": "DOGE",
  "vechain": "VET",
  "decred": "DCR",
  "bitcoingold": "BTG",
  "basicattentiontoken": "BAT",
  "qtum": "QTUM",
  "huobitoken": "HT",
  "hedgetrade": "HEDG",
  "egretia": "EGT",
  "paxosstandardtoken": "PAX",
  "trueusd": "TUSD",
  "omisego": "OMG",
  "ravencoin": "RVN",
  "kucoinshares": "KCS",
  "lisk": "LSK",
  "nano": "NANO",
  "bittorrent": "BTT",
  "bitcoindiamond": "BCD",
  "energi": "NRG",
  "waves": "WAVES",
  "holo": "HOT",
  "educare": "EKT",
  "augur": "REP",
  "monacoin": "MONA",
  "aurora": "AOA",
  "bitshares": "BTS",
  "bytecoinbcn": "BCN",
  "lambda": "LAMB",
  "0x": "ZRX",
  "digibyte": "DGB",
  "pundix": "NPXS",
  "quant": "QNT",
  "mixin": "XIN",
  "theta": "THETA",
  "iostoken": "IOST",
  "insightchain": "INB",
  "bytom": "BTM",
  "nashexchange": "NEX",
  "siacoin": "SC",
  "icon": "ICX",
  "komodo": "KMD",
  "hypercash": "HC",
  "gxchain": "GXC",
  "ren": "REN",
  "abbccoin": "ABBC",
  "maidsafecoin": "MAID",
  "zilliqa": "ZIL",
  "next": "NET",
  "verge": "XVG",
  "dai": "DAI",
  "aeternity": "AE",
  "status": "SNT",
  "waltonchain": "WTC",
  "steem": "STEEM",
  "vestchain": "VEST",
  "zcoin": "XZC",
  "riftoken": "RIF",
  "cryptocom": "MCO",
  "japancontenttoken": "JCT",
  "ardor": "ARDR",
  "wax": "WAX",
  "metaverse": "ETP",
  "xmax": "XMX",
  "golemnetworktokens": "GNT",
  "enjincoin": "ENJ",
  "odem": "ODE",
  "grin": "GRIN",
  "clippercoin": "CCCX",
  "elastos": "ELA",
  "maximinecoin": "MXM",
  "nexo": "NEXO",
  "solve": "SOLVE",
  "wixlar": "WIX",
  "aelf": "ELF",
  "electroneum": "ETN",
  "stratis": "STRAT",
  "ecorealestate": "ECOREAL",
  "digixdao": "DGD",
  "zencash": "ZEN",
  "bitusd": "BITUSD",
  "revain": "R",
  "decentraland": "MANA",
  "ipchain": "IPC",
  "projectpai": "PAI",
  "nebulastoken": "NAS",
  "qash": "QASH",
  "dent": "DENT",
  "protontoken": "PTT",
  "fetch": "FET",
  "latoken": "LA",
  "santiment": "SAN",
  "buggyracoinzero": "BCZERO",
  "digitexfutures": "DGTX",
  "reddcoin": "RDD",
  "quarkchain": "QKC",
  "stasiseurs": "EURS",
  "veritaseum": "VERI",
  "maticnetwork": "MATIC",
  "synthetixnetworktoken": "SNX",
  "fantom": "FTM",
  "businesscreditalliancechain": "BCAC",
  "rchain": "RHOC",
  "populous": "PPT",
  "factom": "FCT",
  "beam": "BEAM",
  "blockchaincom": "BC",
  "loopring": "LRC",
  "nuls": "NULS",
  "fusion": "FSN",
  "biboxtoken": "BIX",
  "litex": "LXT",
  "enigma": "ENG",
  "newton": "NEW",
  "truechain": "TRUE",
  "ark": "ARK",
  "crpt": "CRPT",
  "tomochain": "TOMO",
  "orbs": "ORBS",
  "harmony": "ONE",
  "moac": "MOAC",
  "functionx": "FX",
  "waykichain": "WICC",
  "loomnetwork": "LOOM",
  "bancor": "BNT",
  "realtract": "RET",
  "agavecoin": "AGVC",
  "valortoken": "VALOR",
  "kybernetwork": "KNC",
  "aion": "AION",
  "bitztoken": "BZ",
  "thetafuel": "TFUEL",
  "powerledger": "POWR",
  "celernetwork": "CELR",
  "ignis": "IGNIS",
  "telcoin": "TEL",
  "wanchain": "WAN",
  "eidoo": "EDO",
  "lina": "LINA",
  "cybermiles": "CMT",
  "aragon": "ANT",
  "apollocurrency": "APL",
  "hyperion": "HYN",
  "bhpcoin": "BHP",
  "nxt": "NXT",
  "unetwork": "UUU",
  "iotex": "IOTX",
  "arcblock": "ABT",
  "casinocoin": "CSC",
  "bread": "BRD",
  "rlc": "RLC",
  "cryptonex": "CNX",
  "dapstoken": "DAPS",
  "obyte": "GBYTE",
  "storj": "STORJ",
  "pivx": "PIVX",
  "metadium": "META",
  "botxcoin": "BOTX",
  "bitcoinrhodium": "XRC",
  "ultiledger": "ULT",
  "unobtanium": "UNO",
  "dynamictradingrights": "DTR",
  "bitcapitalvendor": "BCV",
  "gnosisgno": "GNO",
  "polymathnetwork": "POLY",
  "particl": "PART",
  "gas": "GAS",
  "bnktothefuture": "BFT",
  "vitae": "VITAE",
  "contentvaluenetwork": "CVNT",
  "seele": "SEELE",
  "robotina": "ROX",
  "groestlcoin": "GRS",
  "dex": "DEX",
  "cortex": "CTXC",
  "iotchain": "ITC",
  "ugas": "UGAS",
  "singularitynet": "AGI",
  "ttc": "TTC",
  "salus": "SLS",
  "ltonetwork": "LTO",
  "blackmoon": "BMC",
  "davincicoin": "DAC",
  "medx": "MEDX",
  "bitkan": "KAN",
  "vertcoin": "VTC",
  "highperformanceblockchain": "HPB",
  "thundertoken": "TT",
  "dragonchain": "DRGN",
  "elrond": "ERD",
  "syscoin": "SYS",
  "skycoin": "SKY",
  "funfair": "FUN",
  "proximax": "XPX",
  "nexus": "NXS",
  "tierion": "TNT",
  "mithril": "MITH",
  "commerceblock": "CBT",
  "tenx": "PAY",
  "bitsharesmusic": "XSD",
  "ilcoin": "ILC",
  "civic": "CVC",
  "etherzero": "ETZ",
  "bitruecoin": "BTR",
  "aladdin": "ADN",
  "incent": "INCNT",
  "metahash": "MHC",
  "quantumresistantledger": "QRL",
  "ankr": "ANKR",
  "metal": "MTL",
  "prizm": "PZM",
  "einsteinium": "EMC2",
  "datatransactiontoken": "XD",
  "reserverights": "RSR",
  "dxchaintoken": "DX",
  "clams": "CLAM",
  "moedaloyaltypoints": "MDA",
  "edcblockchain": "EDC",
  "diamondplatformtoken": "DPT",
  "nkn": "NKN",
  "contentbox": "BOX",
  "utrust": "UTK",
  "ruff": "RUFF",
  "foam": "FOAM",
  "humanscape": "HUM",
  "libracredit": "LBA",
  "dentacoin": "DCN",
  "hycon": "HYC",
  "pressone": "PRS",
  "everipedia": "IQ",
  "cindicator": "CND",
  "top": "TOP",
  "storm": "STORM",
  "everex": "EVX",
  "lightningbitcoin": "LBTC",
  "blox": "CDT",
  "irisnet": "IRIS",
  "firstblood": "1ST",
  "namecoin": "NMC",
  "apis": "APIS",
  "achain": "ACT",
  "aencoin": "AEN",
  "b2bx": "B2B",
  "mainframe": "MFT",
  "gifto": "GTO",
  "contentsprotocol": "CPT",
  "litecoincash": "LCC",
  "wagerr": "WGR",
  "kin": "KIN",
  "origo": "OGO",
  "own": "CHX",
  "odyssey": "OCN",
  "veriblock": "VBK",
  "tripio": "TRIO",
  "peercoin": "PPC",
  "doccomtoken": "MTC",
  "raidennetworktoken": "RDN",
  "cryptaur": "CPT",
  "tokenclub": "TCT",
  "pillar": "PLR",
  "mindexcoin": "MIC",
  "burst": "BURST",
  "aergo": "AERGO",
  "blocknet": "BLOCK",
  "thekey": "TKY",
  "aeon": "AEON",
  "tarush": "TAS",
  "ethos": "ETHOS",
  "morpheusnetwork": "MRPH",
  "intellishare": "INE",
  "cosmocoin": "COSM",
  "request": "REQ",
  "zip": "ZIP",
  "pumapay": "PMA",
  "flo": "FLO",
  "salt": "SALT",
  "dusknetwork": "DUSK",
  "bezant": "BZNT",
  "otocash": "OTO",
  "timenewbank": "TNB",
  "whitecoin": "XWC",
  "credits": "CS",
  "hydrogen": "HYDRO",
  "gochain": "GO",
  "ripiocreditnetwork": "RCN",
  "divi": "DIVI",
  "sentinel": "SENT",
  "idex": "IDEX",
  "restartenergymwat": "MWAT",
  "neblio": "NEBL",
  "morpheuslabs": "MITX",
  "bitcny": "BITCNY",
  "smartcash": "SMART",
  "dropil": "DROP",
  "dero": "DERO",
  "tera": "TERA",
  "zelcash": "ZEL",
  "everus": "EVR",
  "vite": "VITE",
  "blockstamp": "BST",
  "deepbrainchain": "DBC",
  "spectrecoin": "XSPEC",
  "propy": "PRO",
  "data": "DTA",
  "lockchain": "LOC",
  "nucleusvision": "NCASH",
  "insolar": "INS",
  "tokenpay": "TPAY",
  "streamrdatacoin": "DATA",
  "stakenet": "XSN",
  "tokenomy": "TEN",
  "zrcoin": "ZRC",
  "navcoin": "NAV",
  "smartmesh": "SMT",
  "poet": "POE",
  "adxnet": "ADX",
  "ost": "OST",
  "napoleonx": "NPX",
  "numeraire": "NMR",
  "loki": "LOKI",
  "endorprotocol": "EDR",
  "mosscoin": "MOC",
  "steemdollars": "SBD",
  "viacoin": "VIA",
  "geminidollar": "GUSD",
  "quantstamp": "QSP",
  "qunqun": "QUN",
  "bluzelle": "BLZ",
  "multivac": "MTV",
  "cashaa": "CAS",
  "digitalnote": "XDN",
  "metronome": "MET",
  "edgeless": "EDG",
  "boxtoken": "BOX",
  "dmarket": "DMT",
  "boolberry": "BBR",
  "tael": "WABI",
  "scryinfo": "DDD",
  "artfinity": "AT",
  "bitcore": "BTX",
  "quantautilitytoken": "QNTU",
  "moviebloc": "MBL",
  "nix": "NIX",
  "allsports": "SOC",
  "oax": "OAX",
  "cwvchain": "CWV",
  "noahcoin": "NOAH",
  "asch": "XAS",
  "substratum": "SUB",
  "electra": "ECA",
  "smartshare": "SSP",
  "genesisvision": "GVT",
  "blockv": "VEE",
  "menapay": "MPAY",
  "popchain": "PCH",
  "maecenas": "ART",
  "ucash": "UCASH",
  "lympo": "LYM",
  "cajutel": "CAJ",
  "contentneutralitynetwork": "CNN",
  "prochain": "PRA",
  "bitmarttoken": "BMX",
  "kcash": "KCASH",
  "darcioecosystemcoin": "DEC",
  "safextoken": "SFT",
  "matrixainetwork": "MAN",
  "onerootnetwork": "RNT",
  "piratechain": "ARRR",
  "envion": "EVN",
  "counterparty": "XCP",
  "swftcoin": "SWFTC",
  "qdaogovernancetoken": "QDAO",
  "bluewhaleexchange": "BWX",
  "vid": "VIDT",
  "usdq": "USDQ",
  "cpchain": "CPC",
  "esportbits": "HLT",
  "emercoin": "EMC",
  "selfkey": "KEY",
  "melon": "MLN",
  "sirinlabstoken": "SRN",
  "hydroprotocol": "HOT",
  "ampleforth": "AMPL",
  "primas": "PST",
  "genaronetwork": "GNX",
  "universa": "UTNP",
  "primecoin": "XPM",
  "game": "GTC",
  "digixgoldtoken": "DGX",
  "medishares": "MDS",
  "nectar": "NEC",
  "refereum": "RFR",
  "smartlands": "SLT",
  "lendingblock": "LND",
  "veil": "VEIL",
  "himutualsociety": "HMC",
  "boscoin": "BOS",
  "redpulse": "PHX",
  "penta": "PNT",
  "nativecoin": "N8V",
  "swarmfund": "SWM",
  "eosdac": "EOSDAC",
  "singulardtv": "SNGLS",
  "strongholdtoken": "SHX",
  "xyo": "XYO",
  "rublix": "RBLX",
  "stpt": "STPT",
  "agrellodelta": "DLT",
  "ternio": "TERN",
  "feathercoin": "FTC",
  "unikoingold": "UKG",
  "traceabilitychain": "TAC",
  "travala": "AVA",
  "stemcellcoin": "SCC",
  "yoyow": "YOYOW",
  "vntchain": "VNT",
  "smartofgiving": "AOG",
  "polybius": "PLBT",
  "airswap": "AST",
  "mvl": "MVL",
  "district0x": "DNT",
  "vexanium": "VEX",
  "globalsocialchain": "GSC",
  "machinexchangecoin": "MXC",
  "globalcurrencyreserve": "GCR",
  "mobius": "MOBI",
  "daocasino": "BET",
  "aeron": "ARN",
  "dadi": "DADI",
  "tradetokenx": "TIOX",
  "swissborg": "CHSB",
  "sentinelprotocol": "UPP",
  "monetha": "MTH",
  "cybervein": "CVT",
  "jibrelnetwork": "JNT",
  "constellation": "DAG",
  "aave": "LEND",
  "origintrail": "TRAC",
  "ubiq": "UBQ",
  "wings": "WINGS",
  "meetone": "MEETONE",
  "cos": "COS",
  "stableusd": "USDS",
  "change": "CAG",
  "amocoin": "AMO",
  "pchain": "PI",
  "librarycredit": "LBC",
  "loyalcoin": "LYL",
  "imagecoin": "IMG",
  "oceanprotocol": "OCEAN",
  "coinsuperecosystemnetwork": "CEN",
  "ovcode": "OVC",
  "vibe": "VIBE",
  "omnitude": "ECOM",
  "pton": "PTON",
  "connectcoin": "XCON",
  "abysstoken": "ABYSS",
  "pandacoinpnd": "PND",
  "appcoins": "APPC",
  "baasid": "BAAS",
  "blockmason": "BCPT",
  "shift": "SHIFT",
  "temco": "TEMCO",
  "ihtrealestateprotocol": "IHT",
  "coti": "COTI",
  "yeed": "YEED",
  "blackcoin": "BLK",
  "sinovate": "SIN",
  "amber": "AMB",
  "skrumblenetwork": "SKM",
  "flowchain": "FLC",
  "bottos": "BTO",
  "eligmatoken": "ELI",
  "cononchain": "CZR",
  "redfoxlabs": "RFOX",
  "sonm": "SNM",
  "qlink": "QLC",
  "gulden": "NLG",
  "dignity": "DIG",
  "okcash": "OK",
  "coinus": "CNUS",
  "turtlecoin": "TRTL",
  "callistonetwork": "CLO",
  "sentivate": "SNTVT",
  "viberate": "VIB",
  "merculet": "MVP",
  "bomb": "BOMB",
  "poanetwork": "POA",
  "bridgecoin": "BCO",
  "suncontract": "SNC",
  "gamecredits": "GAME",
  "spendcoin": "SPND",
  "deeponion": "ONION",
  "lition": "LIT",
  "linkeye": "LET",
  "measurabledatatoken": "MDT",
  "genesourcecodechain": "GENE",
  "halalchain": "HLC",
  "wepower": "WPR",
  "phantasma": "SOUL",
  "xaurum": "XAUR",
  "0chain": "ZCN",
  "remme": "REM",
  "polis": "POLIS",
  "pascalcoin": "PASC",
  "originsport": "ORS",
  "six": "SIX",
  "loopringneo": "LRN",
  "nos": "NOS",
  "htmlcoin": "HTML",
  "adtoken": "ADT",
  "massgrid": "MGD",
  "ulord": "UT",
  "bitgreen": "BITG",
  "wowbit": "WWB",
  "zebi": "ZCO",
  "ink": "INK",
  "zenprotocol": "ZP",
  "mobilego": "MGO",
  "chatcoin": "CHAT",
  "qwertycoin": "QWC",
  "dock": "DOCK",
  "airbloc": "ABL",
  "stacs": "STACS",
  "goldcoin": "GLC",
  "hashgard": "GARD",
  "bolt": "BOLT",
  "bitbay": "BAY",
  "zeepin": "ZPT",
  "sdchain": "SDA",
  "footballcoin": "XFC",
  "bittube": "TUBE",
  "radium": "RADS",
  "peerplaysppy": "PPY",
  "coinpoker": "CHP",
  "hxro": "HXRO",
  "bloomtoken": "BLT",
  "etherparty": "FUEL",
  "nexty": "NTY",
  "daostack": "GEN",
  "yee": "YEE",
  "oneledger": "OLT",
  "zclassic": "ZCL",
  "liquidapps": "DAPP",
  "vinchain": "VIN",
  "havenprotocol": "XHV",
  "leocoin": "LEO",
  "cova": "COVA",
  "xcash": "XCASH",
  "eden": "EDN",
  "opacity": "OPQ",
  "atccoin": "ATCC",
  "apex": "CPX",
  "nimiq": "NIM",
  "neoworldcash": "NASH",
  "pibble": "PIB",
  "fanstime": "FTI",
  "polyswarm": "NCT",
  "adshares": "ADS",
  "daex": "DAX",
  "covesting": "COV",
  "axpire": "AXPR",
  "lunyr": "LUN",
  "internetnodetoken": "INT",
  "fiii": "FIII",
  "fortuna": "FOTA",
  "eterbasecoin": "XBASE",
  "observer": "OBSR",
  "carvertical": "CV",
  "phore": "PHR",
  "verasity": "VRA",
  "spacechain": "SPC",
  "newyorkcoin": "NYC",
  "rotharium": "RTH",
  "delphy": "DPY",
  "typerium": "TYPE",
  "wavescommunitytoken": "WCT",
  "insightsnetwork": "INSTAR",
  "xinfinnetwork": "XDCE",
  "hiveterminaltoken": "HVN",
  "s4fe": "S4F",
  "ubex": "UBEX",
  "effectai": "EFX",
  "stealth": "XST",
  "fnkos": "FNKOS",
  "chimpion": "BNANA",
  "fountain": "FTN",
  "diamond": "DMD",
  "medicalchain": "MTN",
  "infinitustoken": "INF",
  "conceal": "CCX",
  "canyacoin": "CAN",
  "caspian": "CSP",
  "tolar": "TOL",
  "icerockmining": "ROCK2",
  "babb": "BAX",
  "zmine": "ZMN",
  "unibright": "UBT",
  "nakabodhitoken": "NBOT",
  "spindle": "SPD",
  "beetlecoin": "BEET",
  "fuzex": "FXT",
  "luxcoin": "LUX",
  "safehaven": "SHA",
  "crypticcoin": "CRYP",
  "kambria": "KAT",
  "pacglobal": "PAC",
  "graft": "GRFT",
  "sphere": "SPHR",
  "neurochain": "NCC",
  "aidoc": "AIDOC",
  "vericoin": "VRC",
  "midasprotocol": "MAS",
  "winstarslive": "WNL",
  "markspace": "MRK",
  "noku": "NOKU",
  "bezop": "BEZ",
  "mircoin": "MIR",
  "vantanetwork": "VNT",
  "primalbase": "PBT",
  "insureum": "ISR",
  "rate3": "RTE",
  "decent": "DCT",
  "aidustoken": "AID",
  "lamden": "TAU",
  "peculium": "PCL",
  "tidextoken": "TDX",
  "revolutionvr": "RVR",
  "flash": "FLASH",
  "kryll": "KRL",
  "optimalshelfavailabilitytoken": "OSA",
  "cargox": "CXO",
  "switcheo": "SWTH",
  "qchi": "QCH",
  "snetwork": "SNET",
  "moneytoken": "IMT",
  "curecoin": "CURE",
  "exrnchain": "EXRN",
  "aichain": "AIT",
  "1sg": "1SG",
  "cardstack": "CARD",
  "liquiditynetwork": "LQD",
  "colulocalnetwork": "CLN",
  "krios": "KRI",
  "howdoo": "UDOO",
  "kickico": "KICK",
  "skychain": "SKCH",
  "selfsell": "SSC",
  "everycoin": "EVY",
  "wollo": "WLO",
  "quasarcoin": "QAC",
  "rapids": "RPD",
  "humaniq": "HMQ",
  "unification": "UND",
  "ugchain": "UGC",
  "decentbet": "DBET",
  "internxt": "INXT",
  "privatix": "PRIX",
  "brickblock": "BBK",
  "tefood": "TFD",
  "nasdacoin": "NSD",
  "cvcoin": "CVN",
  "niobiumcoin": "NBC",
  "playcoinerc20": "PLY",
  "neurotoken": "NTK",
  "dreamteamtoken": "DREAM",
  "spectreutility": "SXUT",
  "educationecosystem": "LEDU",
  "nework": "NKC",
  "ravenprotocol": "RAVEN",
  "echolink": "EKO",
  "stk": "STK",
  "nextexchange": "NEXT",
  "uquidcoin": "UQC",
  "plair": "PLA",
  "biblepay": "BBP",
  "experiencechain": "XPC",
  "cappasity": "CAPP",
  "kuaitoken": "KT",
  "susd": "SUSD",
  "bitcoinprivate": "BTCP",
  "paycent": "PYN",
  "crown": "CRW",
  "datum": "DAT",
  "vegawallettoken": "VGW",
  "semux": "SEM",
  "wgreenpay": "WGP",
  "rise": "RISE",
  "naga": "NGC",
  "minexcoin": "MNX",
  "playgroundz": "IOG",
  "ormeuscoin": "ORME",
  "cashbetcoin": "CBC",
  "paypex": "PAYX",
  "0xbtc": "0xBTC",
  "wibson": "WIB",
  "erc20": "ERC20",
  "cloudbric": "CLB",
  "dataexchange": "DTX",
  "cashberycoin": "CBC",
  "onotoken": "ONOT",
  "inmax": "INX",
  "safeinsure": "SINS",
  "zper": "ZPR",
  "datawallet": "DXT",
  "maxpropertygroup": "MPG",
  "vodix": "VDX",
  "lunes": "LUNES",
  "experiencepoints": "XP",
  "datx": "DATX",
  "trueflip": "TFL",
  "ionchain": "IONC",
  "presearch": "PRE",
  "bitcoinz": "BTCZ",
  "chronobank": "TIME",
  "beancash": "BITB",
  "gmb": "GMB",
  "iqeon": "IQN",
  "oxycoin": "OXY",
  "bitcoinplus": "XBC",
  "hacken": "HKN",
  "cloakcoin": "CLOAK",
  "blockpartyboxxtoken": "BOXX",
  "qbao": "QBT",
  "life": "LIFE",
  "spiking": "SPIKE",
  "swap": "XWP",
  "42coin": "42",
  "sibcoin": "SIB",
  "pundixnem": "NPXSXEM",
  "decisiontoken": "HST",
  "cobinhood": "COB",
  "traxia": "TMT",
  "flixxo": "FLIXX",
  "zeusshield": "ZSC",
  "webdollar": "WEBD",
  "nanjcoin": "NANJ",
  "nolimitcoin": "NLC2",
  "arbitrage": "ARB",
  "bitcoininterest": "BCI",
  "banca": "BANCA",
  "pigeoncoin": "PGN",
  "acuteanglecloud": "AAC",
  "alphacat": "ACAT",
  "aventus": "AVT",
  "openplatform": "OPEN",
  "solarcoin": "SLR",
  "insurepal": "IPL",
  "friends": "FDZ",
  "tvtwo": "TTV",
  "liskmachinelearning": "LML",
  "uptoken": "UP",
  "trinitynetworkcredit": "TNC",
  "pirl": "PIRL",
  "iggold": "IGG",
  "sharder": "SS",
  "zap": "ZAP",
  "storiqa": "STQ",
  "rightmesh": "RMESH",
  "kolion": "KLN",
  "atomicwalletcoin": "AWC",
  "xriba": "XRA",
  "parallelcoin": "DUO",
  "geocoin": "GEO",
  "ebtcnew": "EBTC",
  "evencoin": "EVN",
  "ion": "ION",
  "zilla": "ZLA",
  "sophiatx": "SPHTX",
  "visionx": "VNX",
  "pinkcoin": "PINK",
  "nowtoken": "NOW",
  "mktcoin": "MLM",
  "electrifyasia": "ELEC",
  "coinvest": "COIN",
  "mercury": "MER",
  "hoqu": "HQX",
  "denariusdnr": "D",
  "matryx": "MTX",
  "trittium": "TRTT",
  "masari": "MSR",
  "freecoin": "FREE",
  "mallcoin": "MLC",
  "dosnetwork": "DOS",
  "stox": "STX",
  "metamorph": "METM",
  "lalaworld": "LALA",
  "pluton": "PLU",
  "esbc": "ESBC",
  "red": "RED",
  "maverickchain": "MVC",
  "parkgene": "GENE",
  "happycoin": "HPC",
  "zeon": "ZEON",
  "bankex": "BKX",
  "autonio": "NIO",
  "nerva": "XNV",
  "essentia": "ESS",
  "stronghands": "SHND",
  "bitscreenertoken": "BITX",
  "globaltoken": "GLT",
  "uplexa": "UPX",
  "herocoin": "PLAY",
  "b2bcoin": "BBC",
  "tronclassic": "TRXC",
  "mibcoin": "MIB",
  "mesg": "MESG",
  "mtcmeshnetwork": "MTC",
  "coinlion": "LION",
  "trezarcoin": "TZC",
  "birake": "BIR",
  "inkprotocol": "XNK",
  "oduwa": "OWC",
  "farmatrust": "FTT",
  "winco": "WCO",
  "bounty0x": "BNTY",
  "phitoken": "PHI",
  "guppy": "GUP",
  "qredit": "XQR",
  "paytomat": "PTI",
  "obits": "OBITS",
  "ethersocial": "ESN",
  "qiibee": "QBX",
  "flip": "FLP",
  "playgame": "PXG",
  "swarmcity": "SWT",
  "gemsprotocol": "GEM",
  "sentinelchain": "SENC",
  "exclusivecoin": "EXCL",
  "synereo": "AMP",
  "bitcash": "BITC",
  "coinfi": "COFI",
  "linfinity": "LFC",
  "eboostcoin": "EBST",
  "palnetwork": "PAL",
  "karbo": "KRB",
  "actinium": "ACM",
  "knoxstertoken": "FKX",
  "bitcoinincognito": "XBI",
  "deex": "DEEX",
  "dprating": "RATING",
  "ace": "ACE",
  "pixel": "PXL",
  "bitcoiin": "B2G",
  "kubocoin": "KUBO",
  "relex": "RLX",
  "gonetwork": "GOT",
  "alchemintstandards": "SDS",
  "debitumnetwork": "DEB",
  "energo": "TSL",
  "silentnotary": "SNTR",
  "patientory": "PTOY",
  "veriumreserve": "VRM",
  "teloscoin": "TELOS",
  "sakurabloom": "SKB",
  "sprouts": "SPRTS",
  "bigbom": "BBO",
  "aidcoin": "AID",
  "maozedong": "MAO",
  "adhive": "ADH",
  "minersrewardtoken": "MRT",
  "soma": "SCT",
  "bulwark": "BWK",
  "lobstex": "LOBS",
  "optitoken": "OPTI",
  "lethean": "LTHN",
  "faceter": "FACE",
  "tena": "TENA",
  "bitether": "BTR",
  "dubaicoindbix": "DBIX",
  "blitzpredict": "XBP",
  "experty": "EXY",
  "snowgem": "XSG",
  "maincoin": "MNC",
  "bethereum": "BETHER",
  "syncfab": "MFG",
  "fedoracoin": "TIPS",
  "olxa": "OLXA",
  "graviocoin": "GIO",
  "ryocurrency": "RYO",
  "quadrantprotocol": "EQUAD",
  "idexmembership": "IDXM",
  "crowdmachine": "CMCT",
  "owndata": "OWN",
  "adbank": "ADB",
  "onlive": "ONL",
  "tgame": "TGAME",
  "sumokoin": "SUMO",
  "blockpass": "PASS",
  "expanse": "EXP",
  "playkey": "PKT",
  "blockport": "BPT",
  "zcore": "ZCR",
  "internetofpeople": "IOP",
  "hbzcoin": "HBZ",
  "cotrader": "COT",
  "davcoin": "DAV",
  "hold": "HOLD",
  "invacio": "INV",
  "sfcapital": "SFCP",
  "eroscoin": "ERO",
  "indorsetoken": "IND",
  "view": "VIEW",
  "jet8": "J8T",
  "parachute": "PAR",
  "bobsrepair": "BOB",
  "fsbtapitoken": "FSBT",
  "zetacoin": "ZET",
  "platoncoin": "PLTC",
  "aditus": "ADI",
  "atonomi": "ATMI",
  "narrative": "NRVE",
  "cubiex": "CBIX",
  "scorumcoins": "SCR",
  "arbidex": "ABX",
  "dnotes": "NOTE",
  "arqma": "ARQ",
  "globalboosty": "BSTY",
  "thechampcoin": "TCC",
  "uchain": "UCN",
  "heartbout": "HB",
  "wabnetwork": "WAB",
  "spidervps": "SPDR",
  "bitcoincz": "BCZ",
  "0xcert": "ZXC",
  "bitsend": "BSD",
  "edrcoin": "EDRC",
  "yocoin": "YOC",
  "latiumx": "LATX",
  "sparkpoint": "SRK",
  "ubcoinmarket": "UBC",
  "memetic": "MEME",
  "aphelion": "APH",
  "dynamic": "DYN",
  "tokenstars": "TEAM",
  "ethergem": "EGEM",
  "realchain": "RCT",
  "kuende": "KUE",
  "cryptoping": "PING",
  "capricoin": "CPC",
  "sharpay": "S",
  "blockmesh": "BMH",
  "jetcoin": "JET",
  "gincoin": "GIN",
  "snapcoin": "SNPC",
  "arionum": "ARO",
  "profileutilitytoken": "PUT",
  "cyclean": "CCL",
  "thecurrencyanalytics": "TCAT",
  "stakecubecoin": "SCC",
  "auxilium": "AUX",
  "siacashcoin": "SCC",
  "hellogold": "HGT",
  "ether1": "ETHO",
  "gobyte": "GBX",
  "esdchain": "SDA",
  "dopecoin": "DOPE",
  "heronode": "HER",
  "intervalue": "INVE",
  "paretorewards": "PARETO",
  "simdaq": "SMQ",
  "tigereum": "TIG",
  "mywish": "WISH",
  "bitnautictoken": "BTNT",
  "igtoken": "IG",
  "exosis": "EXO",
  "gravitycoin": "GXX",
  "pkgtoken": "PKG",
  "gentarium": "GTM",
  "truedeck": "TDP",
  "eventchain": "EVC",
  "smileycoin": "SMLY",
  "unify": "UNIFY",
  "patron": "PAT",
  "mmocoin": "MMO",
  "blocklogic": "BLTG",
  "atbcoin": "ATB",
  "transfercoin": "TX",
  "dogecash": "DOGEC",
  "bonpay": "BON",
  "veros": "VRS",
  "etheera": "ETA",
  "boatpilottoken": "NAVY",
  "italo": "XTA",
  "bitcoinote": "BTCN",
  "trustnote": "TTT",
  "eurocointoken": "ECTE",
  "giantcoin": "GIC",
  "netkoin": "NTK",
  "emphy": "EPY",
  "scanetchain": "SWC",
  "transcodium": "TNS",
  "hyperquant": "HQT",
  "webcoin": "WEB",
  "gopower": "GPT",
  "procurrency": "PROC",
  "credit": "CREDIT",
  "deviantcoin": "DEV",
  "hypetoken": "HYPE",
  "blocmoney": "BLOC",
  "kalkulus": "KLKS",
  "elysian": "ELY",
  "airwire": "WIRE",
  "sportyco": "SPF",
  "iungo": "ING",
  "foxtrading": "FOXT",
  "bitrewards": "BIT",
  "bitcoinzero": "BZX",
  "empowrcoin": "EMPR",
  "decentralizedmachinelearning": "DML",
  "moin": "MOIN",
  "skyhubcoin": "SHB",
  "boutspro": "BOUTS",
  "herbalisttoken": "HERB",
  "micromoney": "AMM",
  "thorecash": "TCH",
  "nobscrypto": "NOBS",
  "xuez": "XUEZ",
  "gexan": "GEX",
  "startercoin": "STAC",
  "timicoin": "TMC",
  "ethereumgoldproject": "ETGP",
  "blocklancer": "LNC",
  "aegeus": "AEG",
  "merocurrency": "MRO",
  "tokenbox": "TBX",
  "skincoin": "SKIN",
  "payfair": "PFR",
  "goldpoker": "GPKR",
  "bitwhite": "BTW",
  "evedo": "EVED",
  "araw": "ARAW",
  "tokendesk": "TDS",
  "koranetworktoken": "KNT",
  "studentcoin": "STU",
  "octoincoin": "OCC",
  "eltcoin": "ELTCOIN",
  "showhand": "HAND",
  "klimatas": "KTS",
  "absolute": "ABS",
  "hurify": "HUR",
  "touristtoken": "TOTO",
  "jointventures": "JOINT",
  "cryptosoul": "SOUL",
  "quinads": "QUIN",
  "witchain": "WIT",
  "etherinc": "ETI",
  "bitcoen": "BEN",
  "fidextoken": "FEX",
  "waletoken": "WTN",
  "spectrum": "SPT",
  "etherkingdomstoken": "IMP",
  "kzcash": "KZC",
  "mediccoin": "MEDIC",
  "couchain": "COU",
  "agrolot": "AGLT",
  "xovbank": "XOV",
  "4new": "KWATT",
  "bionic": "BNC",
  "dowcoin": "DOW",
  "echat": "ECHT",
  "desire": "DSR",
  "fivebalance": "FBN",
  "logiscoin": "LGS",
  "zenswapnetworktoken": "ZNT",
  "engagementtoken": "ENGT",
  "almeela": "KZE",
  "eaglex": "EGX",
  "natminpureescrow": "NAT",
  "masternet": "MASH",
  "havy": "HAVY",
  "gohelpfund": "HELP",
  "micromines": "MICRO",
  "peony": "PNY",
  "alphacoin": "APC",
  "kun": "KUN",
  "cryptrust": "CTRT",
  "quantisnetwork": "QUAN",
  "deltachain": "DELTA",
  "yolocash": "YLC",
  "futurax": "FTXT",
  "vikkytoken": "VIKKY",
  "provocotoken": "VOCO",
  "crystaltoken": "CYL",
  "decentralizedassettradingplatform": "DATP",
  "ethereummeta": "ETHM",
  "mirai": "MRI",
  "bitcoinus": "BITS",
  "spectrumnetwork": "SPEC",
  "abulaba": "AAA",
  "benz": "BENZ",
  "inocoin": "INO",
  "platincoin": "PLC",
  "thorecoin": "THR",
  "karatgoldcoin": "KBC",
  "eternaltoken": "XET",
  "1irstcoin": "FST",
  "qubitica": "QBIT",
  "flexacoin": "FXC",
  "bitbookgambling": "BXK",
  "zb": "ZB",
  "cryptoindexcom100": "CIX100",
  "ftxtoken": "FTT",
  "silverway": "SLV",
  "cryptoverificationcoin": "CVCC",
  "atlasprotocol": "ATP",
  "unlimitedip": "UIP",
  "greenpower": "GRN",
  "chiliz": "CHZ",
  "bitcoin2": "BTC2",
  "bitcoinhd": "BHD",
  "gny": "GNY",
  "microbitcoin": "MBC",
  "cryptaldash": "CRD",
  "wizbl": "WBL",
  "italianlira": "ITL",
  "c20": "C20",
  "btuprotocol": "BTU",
  "spectredividend": "SXDT",
  "centrality": "CENNZ",
  "playchip": "PLA",
  "tokencard": "TKN",
  "uttoken": "UTT",
  "linkey": "LKY",
  "paypie": "PPP",
  "dew": "DEW",
  "taas": "TAAS",
  "xtrabytes": "XBY",
  "locuschain": "LOCUS",
  "pepecash": "PEPECASH",
  "medibloc": "MED",
  "cube": "AUTO",
  "metrixcoin": "MRX",
  "parkingo": "GOT",
  "invictushyperionfund": "IHF",
  "repo": "REPO",
  "quark": "QRK",
  "mintcoin": "MINT",
  "bitnewchain": "BTN",
  "ecobit": "ECOB",
  "globalcryptocurrency": "GCC",
  "vites": "VITES",
  "ondori": "RSTR",
  "amoveo": "VEO",
  "hashsbx": "HBX",
  "etheroll": "DICE",
  "colossusxt": "COLX",
  "rubycoin": "RBY",
  "getprotocol": "GET",
  "lykke": "LKK",
  "neumark": "NEU",
  "indahash": "IDH",
  "bitdice": "CSNO",
  "grid": "GRID",
  "mooncoin": "MOON",
  "eccoin": "ECC",
  "safecoin": "SAFE",
  "starta": "STA",
  "storeum": "STO",
  "online": "OIO",
  "constant": "CONST",
  "bitcoinconfidential": "BC",
  "faircoin": "FAIR",
  "spankchain": "SPANK",
  "sense": "SENSE",
  "alis": "ALIS",
  "amlt": "AMLT",
  "hubiinetwork": "HBT",
  "myriad": "XMY",
  "fintruxnetwork": "FTX",
  "goldbitscoin": "GBC",
  "golfcoin": "GOLF",
  "bittwatt": "BWT",
  "likecoin": "LIKE",
  "paragon": "PRG",
  "atlant": "ATL",
  "adamantmessenger": "ADM",
  "bismuth": "BIS",
  "trust": "TRST",
  "xel": "XEL",
  "nushares": "NSR",
  "ebcoin": "EBC",
  "dacsee": "DACS",
  "potcoin": "POT",
  "ifoodschain": "IFOOD",
  "sureremit": "RMT",
  "kleros": "PNK",
  "gridcoin": "GRC",
  "dimecoin": "DIME",
  "visionindustrytoken": "VIT",
  "hicoin": "XHI",
  "atn": "ATN",
  "hashcoin": "HSC",
  "petrodollar": "XPD",
  "aston": "ATX",
  "monetaryunit": "MUE",
  "iocoin": "IOC",
  "globalawardstoken": "GAT",
  "weshowtoken": "WET",
  "egulden": "EFL",
  "biteur": "BITEUR",
  "vipstarcoin": "VIPS",
  "consensus": "SEN",
  "shipchain": "SHIP",
  "novacoin": "NVC",
  "windingtree": "LIF",
  "espers": "ESP",
  "encrypgen": "DNA",
  "ceekvr": "CEEK",
  "hempcoin": "THC",
  "cryptopay": "CPAY",
  "fastaccessblockchain": "FAB",
  "verisafe": "VSF",
  "blocktradetoken": "BTT",
  "neox": "NEOX",
  "omni": "OMNI",
  "ethbits": "ETBS",
  "upfiring": "UFR",
  "bitcrystals": "BCY",
  "leverj": "LEV",
  "mysterium": "MYST",
  "matrexcoin": "MAC",
  "credo": "CREDO",
  "swisscoin": "SIC",
  "vezt": "VZT",
  "karmaeos": "KARMA",
  "coinlancer": "CL",
  "nuggets": "NUG",
  "nebulaai": "NBAI",
  "ailinktoken": "ALI",
  "bitcoinatom": "BCA",
  "wystoken": "WYS",
  "ac3": "AC3",
  "xpa": "XPA",
  "orbitcoin": "ORB",
  "uniformfiscalobject": "UFO",
  "thrivetoken": "THRT",
  "golos": "GOLOS",
  "amon": "AMN",
  "dimcoin": "DIM",
  "carboneumc8token": "C8",
  "robet": "ROBET",
  "karma": "KRM",
  "terracoin": "TRC",
  "digitalinsurancetoken": "DIT",
  "utrum": "OOT",
  "eunomia": "ENTS",
  "digitalassetguaranteetoken": "DAGT",
  "ivy": "IVY",
  "goldmint": "MNTP",
  "flypme": "FYP",
  "soarcoin": "SOAR",
  "freicoin": "FRC",
  "horuspay": "HORUS",
  "savedroid": "SVD",
  "oraclechain": "OCT",
  "blockchaincertifieddatatoken": "BCDT",
  "x8xtoken": "X8X",
  "domraider": "DRT",
  "localcoinswap": "LCS",
  "solaris": "XLR",
  "iethereum": "IETH",
  "heatledger": "HEAT",
  "pura": "PURA",
  "zippie": "ZIPT",
  "darcrus": "DAR",
  "albos": "ALB",
  "shieldxsh": "XSH",
  "haloplatform": "HALO",
  "alqo": "XLQ",
  "auroracoin": "AUR",
  "titancoin": "TTN",
  "attentiontokenofmedia": "ATM",
  "nubits": "USNBT",
  "equal": "EQL",
  "winwin": "TWINS",
  "fidentiax": "FDX",
  "zero": "ZER",
  "b3coin": "KB3",
  "shard": "SHARD",
  "copytrack": "CPY",
  "motocoin": "MOTO",
  "starcointv": "KST",
  "sealnetwork": "SEAL",
  "publytotoken": "PUB",
  "manna": "MANNA",
  "lomocoin": "LMC",
  "1337coin": "1337",
  "clearpoll": "POLL",
  "eristica": "ERT",
  "rivetz": "RVT",
  "olympuslabs": "MOT",
  "ixcoin": "IXC",
  "audiocoin": "ADC",
  "ergo": "EFYT",
  "toacoin": "TOA",
  "belacoin": "BELA",
  "1world": "1WO",
  "energitoken": "ETK",
  "kekcoin": "KEK",
  "maxcoin": "MAX",
  "proxeus": "XES",
  "sether": "SETH",
  "buzzcoin": "BUZZ",
  "cryptonite": "XCN",
  "tokes": "TKS",
  "megacoin": "MEC",
  "alphatoken": "A",
  "real": "REAL",
  "equitrader": "EQT",
  "olive": "OLE",
  "drputility": "DRPU",
  "encryptotel": "ETT",
  "pylonnetwork": "PYLNT",
  "decimated": "DIO",
  "dovu": "DOV",
  "nerves": "NER",
  "vetri": "VLD",
  "foldingcoin": "FLDC",
  "mainstreamfortheunderground": "MFTU",
  "noir": "NOR",
  "helium": "HLM",
  "banyannetwork": "BBN",
  "avinoc": "AVINOC",
  "ethereumblue": "BLUE",
  "starbase": "STAR",
  "shivom": "OMX",
  "obsidian": "ODN",
  "hashnetbiteco": "HNB",
  "hyperstake": "HYP",
  "evergreencoin": "EGC",
  "elcoinel": "EL",
  "energycoin": "ENRG",
  "magi": "XMG",
  "powercoin": "PWR",
  "anon": "ANON",
  "cryptocarbon": "CCRB",
  "firstcoin": "FRST",
  "popularcoin": "POP",
  "euno": "EUNO",
  "iconiqlabtoken": "ICNQ",
  "verify": "CRED",
  "blockarray": "ARY",
  "cryptosports": "CSPN",
  "snov": "SNOV",
  "cannabiscoin": "CANN",
  "whitestandard": "WSD",
  "targetcoin": "TGT",
  "worldcoin": "WDC",
  "vulcano": "VULC",
  "bitclave": "CAT",
  "universe": "UNI",
  "trollcoin": "TROLL",
  "version": "V",
  "ethouse": "HORSE",
  "mithrilore": "MORE",
  "puregoldtoken": "PGTS",
  "sapien": "SPN",
  "bankcoin": "B@",
  "prasm": "PSM",
  "niobiocash": "NBR",
  "ongsocial": "ONG",
  "pesetacoin": "PTC",
  "gcncoin": "GCN",
  "lanacoin": "LANA",
  "dether": "DTH",
  "ixledger": "IXT",
  "pluscoin": "NPLC",
  "zeitcoin": "ZEIT",
  "opus": "OPT",
  "trakinvest": "TRAK",
  "bitzeny": "ZNY",
  "bitdegree": "BDG",
  "daneel": "DAN",
  "phoenixcoin": "PXC",
  "incodium": "INCO",
  "moneynet": "MNC",
  "fujicoin": "FJC",
  "tiesdb": "TIE",
  "ethersportz": "ESZ",
  "poswcoin": "POSW",
  "gravity": "GZRO",
  "sixeleven": "611",
  "pikciochain": "PKC",
  "bitcoinscrypt": "BTCS",
  "lampix": "PIX",
  "dinastycoin": "DCY",
  "ipexchange": "IPSX",
  "galilel": "GALI",
  "commercium": "CMM",
  "goodomy": "GOOD",
  "pedity": "PEDI",
  "jesuscoin": "JC",
  "speedminingservice": "SMS",
  "bluecoin": "BLU",
  "opcoinx": "OPCX",
  "helleniccoin": "HNC",
  "trumpcoin": "TRUMP",
  "rebl": "REBL",
  "chronologic": "DAY",
  "sociall": "SCL",
  "jsecoin": "JSE",
  "honest": "HNST",
  "biocoin": "BIO",
  "paycoin2": "XPY",
  "anoncoin": "ANC",
  "mybit": "MYB",
  "neutron": "NTRN",
  "imbrex": "REX",
  "nitro": "NOX",
  "formosafinancial": "FMF",
  "wandx": "WAND",
  "bitstar": "BITS",
  "sharex": "SEXC",
  "litedoge": "LDOGE",
  "putincoin": "PUT",
  "iridium": "IRD",
  "insanecoininsn": "INSN",
  "betterbetting": "BETR",
  "fabrictoken": "FT",
  "universalcurrency": "UNIT",
  "rupee": "RUP",
  "startcoin": "START",
  "socialsend": "SEND",
  "bitibucoin": "BTB",
  "firelotto": "FLOT",
  "hercules": "HERC",
  "netko": "NETKO",
  "auctus": "AUC",
  "scopuly": "SKY",
  "devery": "EVE",
  "peng": "PENG",
  "signaltoken": "SIG",
  "shadowtoken": "SHDW",
  "credittagchain": "CTC",
  "fantasygold": "FGC",
  "idealcash": "DEAL",
  "cdxnetwork": "CDX",
  "newtoncoinproject": "NCP",
  "skeincoin": "SKC",
  "aquariuscoin": "ARCO",
  "stipend": "SPD",
  "repme": "RPM",
  "carboncoin": "CARBON",
  "travelflex": "TRF",
  "deutscheemark": "DEM",
  "suretly": "SUR",
  "draftcoin": "DFT",
  "reftoken": "REF",
  "wispr": "WSP",
  "tittiecoin": "TIT",
  "mfcoin": "MFC",
  "straks": "STAK",
  "bitbtc": "BITBTC",
  "webchain": "WEB",
  "hush": "HUSH",
  "investfeed": "IFT",
  "adelphoi": "ADL",
  "peepcoin": "PCN",
  "worldcore": "WRC",
  "stakinglab": "LABX",
  "blocktix": "TIX",
  "srcoin": "SRCOIN",
  "bettexcoin": "BTXC",
  "condensate": "RAIN",
  "socialactivitytoken": "SAT",
  "shekel": "JEW",
  "xmct": "XMCT",
  "synergy": "SNRG",
  "dogetoken": "DOGET",
  "bridgeprotocol": "BRDG",
  "mnpcoin": "MNP",
  "stronghandsmasternode": "SHMN",
  "naviaddress": "NAVI",
  "tagcoin": "TAG",
  "bitbar": "BTB",
  "swiftcash": "SWIFT",
  "dashgreen": "DASHG",
  "opal": "OPAL",
  "saveenvironmenttoken": "SET",
  "zennies": "ZENI",
  "golosgold": "GBG",
  "guaranteedethurancetokenextra": "GETX",
  "blast": "BLAST",
  "bitradio": "BRO",
  "morecoin": "MORE",
  "altestatetoken": "ALT",
  "centauri": "CTX",
  "icoopenledger": "ICOO",
  "leadcoin": "LDC",
  "arcticcoin": "ARC",
  "rimbit": "RBT",
  "entercoin": "ENTRC",
  "rentberry": "BERRY",
  "modultrade": "MTRC",
  "bitnation": "XPAT",
  "bitcoinred": "BTCRED",
  "photon": "PHO",
  "piplcoin": "PIPL",
  "pakcoin": "PAK",
  "globatalent": "GBT",
  "shping": "SHPING",
  "allsafe": "ASAFE",
  "ultimatesecurecash": "USC",
  "ethereumcash": "ECASH",
  "fundrequest": "FND",
  "advancedinternetblocks": "AIB",
  "artbyte": "ABY",
  "galactrum": "ORE",
  "regalcoin": "REC",
  "hypnoxys": "HYPX",
  "sp8de": "SPX",
  "evimeria": "EVI",
  "swing": "SWING",
  "genesisx": "XGS",
  "blockcat": "CAT",
  "chesscoin": "CHESS",
  "viuly": "VIU",
  "exmr": "EXMR",
  "rpicoin": "RPI",
  "levelup": "LUC",
  "emerald": "EMD",
  "paymon": "PMNT",
  "bitsilver": "BITSILVER",
  "impact": "IMX",
  "internationalcryptox": "INCX",
  "sugarexchange": "SGR",
  "magnet": "MAG",
  "juryonlinetoken": "JOT",
  "btctalkcoin": "TALK",
  "monkeyproject": "MONK",
  "apollon": "XAP",
  "modelxcoin": "MODX",
  "bitblocks": "BBK",
  "evilcoin": "EVIL",
  "vividcoin": "VIVID",
  "ignition": "IC",
  "kobocoin": "KOBO",
  "clearcoin": "XCLR",
  "beetoken": "BEE",
  "beat": "BEAT",
  "zeusnetwork": "ZEUS",
  "crowdholding": "YUP",
  "force": "FOR",
  "proxynode": "PRX",
  "argentum": "ARG",
  "freyrchain": "FREC",
  "crave": "CRAVE",
  "bbscoin": "BBS",
  "tracto": "TRCT",
  "adzcoin": "ADZ",
  "rubies": "RBIES",
  "martexcoin": "MXT",
  "vsyncvsx": "VSX",
  "kindadstoken": "KIND",
  "briacoin": "BRIA",
  "privcy": "PRIV",
  "innova": "INN",
  "origami": "ORI",
  "garlicoin": "GRLC",
  "ratecoin": "XRA",
  "signalsnetwork": "SGN",
  "bitcoinone": "BTCONE",
  "women": "WOMEN",
  "croat": "CROAT",
  "wavesgo": "WGO",
  "votecoin": "VOT",
  "snodecoin": "SND",
  "kanadecoin": "KNDC",
  "crycash": "CRC",
  "sparkspay": "SPK",
  "roulettetoken": "RLT",
  "bitrent": "RNTB",
  "ellaism": "ELLA",
  "alax": "ALX",
  "billionairetoken": "XBL",
  "bitgold": "BITGOLD",
  "bitcloud": "BTDX",
  "iticoin": "ITI",
  "spreadcoin": "SPR",
  "pitiscoin": "PTS",
  "supercoin": "SUPER",
  "locicoin": "LOCI",
  "verime": "VME",
  "tokyo": "TOKC",
  "btclite": "BTCL",
  "arbitragect": "ARCT",
  "cyberfm": "CYFM",
  "citadel": "CTL",
  "bitcointurbokoin": "BTK",
  "guccionecoin": "GCC",
  "2give": "2GIVE",
  "crowdwiz": "WIZ",
  "bitqy": "BQ",
  "impleum": "IMPL",
  "knekted": "KNT",
  "beacon": "BECN",
  "elementeum": "ELET",
  "bitcoin2network": "B2N",
  "pawsfund": "PAWS",
  "orbistoken": "OBT",
  "zoomba": "ZBA",
  "mincoin": "MNC",
  "dragonglass": "DGS",
  "etheriya": "RIYA",
  "dreamcoin": "DRM",
  "connectjob": "CJT",
  "hodlcoin": "HODL",
  "monacocoin": "XMCC",
  "goldblocks": "GB",
  "onix": "ONX",
  "signatum": "SIGT",
  "hollywoodcoin": "HWC",
  "zozocoin": "ZZC",
  "berncash": "BERN",
  "cryptojacks": "CJ",
  "lightpaycoin": "LPC",
  "communitygeneration": "CGEN",
  "mocrow": "MCW",
  "digitalprice": "DP",
  "fivestarcoinpro": "FSCP",
  "intelligenttradingfoundation": "ITT",
  "bitstation": "BSTN",
  "menloone": "ONE",
  "biotron": "BTRN",
  "voisecom": "VOISE",
  "yenten": "YTN",
  "kingncoin": "KNC",
  "datariuscredit": "DTRC",
  "opentradingnetwork": "OTN",
  "xcoin": "XCO",
  "evos": "EVOS",
  "bitsum": "BSM",
  "aigang": "AIX",
  "arepacoin": "AREPA",
  "aprcoin": "APR",
  "digitalcoin": "DGC",
  "blocknode": "BND",
  "zurcoin": "ZUR",
  "linx": "LINX",
  "castle": "CSTL",
  "sonder": "SNR",
  "amsterdamcoin": "AMS",
  "primestone": "PSC",
  "coin21": "C2",
  "catocoin": "CATO",
  "creditbit": "CRB",
  "minereum": "MNE",
  "pluracoin": "PLURA",
  "adcoin": "ACC",
  "smartcoin": "SMC",
  "cazcoin": "CAZ",
  "bulleon": "BUL",
  "rupaya": "RUPX",
  "platinumbar": "XPTX",
  "blakecoin": "BLC",
  "bolivarcoin": "BOLI",
  "jincoin": "JIN",
  "bata": "BTA",
  "elixir": "ELIX",
  "purevidz": "VIDZ",
  "guess": "GUESS",
  "earthtoken": "EARTH",
  "arion": "ARION",
  "zinc": "ZINC",
  "inflationcoin": "IFLT",
  "theresamaycoin": "MAY",
  "postcoin": "POST",
  "ethereumx": "ETX",
  "opcoin": "OPC",
  "ethereumgold": "ETG",
  "digiwage": "WAGE",
  "bumbacoin": "BUMBA",
  "intercrone": "ICR",
  "safetradecoin": "XSTC",
  "litecoinplus": "LCP",
  "iqcash": "IQ",
  "cream": "CRM",
  "kwhcoin": "KWH",
  "xgox": "XGOX",
  "mero": "MERO",
  "zealium": "NZL",
  "titcoin": "TIT",
  "vslice": "VSL",
  "aced": "ACED",
  "fuzzballs": "FUZZ",
  "elementrem": "ELE",
  "steepcoin": "STEEP",
  "quebecoin": "QBC",
  "travelnote": "TVNT",
  "boostcoin": "BOST",
  "cybermoviechain": "CMCT",
  "acoin": "ACOIN",
  "cointorox": "OROX",
  "xdna": "XDNA",
  "ezoow": "EZW",
  "doubloon": "BOAT",
  "cashcoin": "CASH",
  "ndex": "NDX",
  "scrivnetwork": "SCRIV",
  "nevacoin": "NEVA",
  "parkbyte": "PKB",
  "elysium": "ELS",
  "cybermusic": "CYMT",
  "cheesecoin": "CHEESE",
  "cdmcoin": "CDM",
  "digitalmoneybits": "DMB",
  "secretcoin": "SCRT",
  "gossipcoin": "GOSS",
  "joincoin": "J",
  "phonecoin": "PHON",
  "akroma": "AKA",
  "datacoin": "DTC",
  "mox": "MOX",
  "mustangcoin": "MST",
  "thingschain": "TIC",
  "bitdeal": "BDL",
  "geysercoin": "GSR",
  "qurito": "QURO",
  "zayedcoin": "ZYD",
  "highvoltage": "HVCO",
  "californium": "CF",
  "neuralprotocol": "NRP",
  "bolenum": "BLN",
  "greenmed": "GRMD",
  "ccore": "CCO",
  "bitcoin21": "XBTC21",
  "bitball": "BTB",
  "trident": "TRDT",
  "sakecoin": "SAKE",
  "virtacoin": "VTA",
  "eurocoin": "EUC",
  "innovativebioresearchclassic": "INNBCL",
  "litecred": "LTCR",
  "dollarcoin": "DLC",
  "securecoin": "SRC",
  "crystalclear": "CCT",
  "electrumdark": "ELD",
  "nyerium": "NYEX",
  "litebitcoin": "LBTC",
  "solatoken": "SOL",
  "authorship": "ATS",
  "icobay": "IBT",
  "shivers": "SHVR",
  "decentralizedcryptotoken": "DCTO",
  "tajcoin": "TAJ",
  "atomiccoin": "ATOM",
  "carebit": "CARE",
  "speedcash": "SCS",
  "britcoin": "BRIT",
  "fintab": "FNTB",
  "honey": "HONEY",
  "escrocoemerald": "ESCE",
  "vivo": "VIVO",
  "customcontractnetwork": "CCN",
  "dachcoin": "DACHX",
  "bitspace": "BSX",
  "lunacoin": "LUNA",
  "bigup": "BIGUP",
  "pyrexcoin": "PYX",
  "ultranotecoin": "XUN",
  "qbic": "QBIC",
  "altcommunitycoin": "SONO",
  "icobid": "ICOB",
  "bowscoin": "BSC",
  "mojocoin": "MOJO",
  "dystem": "DTEM",
  "olympic": "OLMP",
  "ultracoin": "UTC",
  "stellarpay": "XLB",
  "neuro": "NRO",
  "adultchain": "XXX",
  "bitcoinadult": "BTAD",
  "simmitri": "SIM",
  "grimcoin": "GRIM",
  "traid": "TRAID",
  "cryptoflow": "CFL",
  "independentmoneysystem": "IMS",
  "indinode": "XIND",
  "arbit": "ARB",
  "paxex": "PAXEX",
  "primexi": "PXI",
  "bzlcoin": "BZL",
  "projectcoin": "PRJ",
  "veltor": "VLT",
  "well": "WELL",
  "irishcoin": "IRL",
  "bunnytoken": "BUNNY",
  "bitcoal": "COAL",
  "wildbeastblock": "WBB",
  "ammoreloaded": "AMMO",
  "centurion": "CNT",
  "vector": "VEC2",
  "azart": "AZART",
  "eternity": "ENT",
  "atheios": "ATH",
  "sharpeplatformtoken": "SHP",
  "posex": "PEX",
  "dalecoin": "DALC",
  "renos": "RNS",
  "milocoin": "MILO",
  "iconic": "ICON",
  "litecoinultra": "LTCU",
  "cabbage": "CAB",
  "benjirolls": "BENJI",
  "comet": "CMT",
  "kurrent": "KURT",
  "brokernekonetwork": "BNN",
  "coinonatx": "XCXT",
  "roiyalcoin": "ROCO",
  "javascripttoken": "JS",
  "ragnarok": "RAGNA",
  "bitcoinplanet": "BTPL",
  "ibank": "IBANK",
  "dinero": "DIN",
  "plncoin": "PLNC",
  "phantomx": "PNX",
  "bitmoney": "BIT",
  "bitvolt": "VOLT",
  "icechain": "ICHX",
  "nekonium": "NUKO",
  "gamblecoin": "GMCN",
  "bitcoinwspectrum": "BWS",
  "socialcoinsocc": "SOCC",
  "cannation": "CNNC",
  "lrmcoin": "LRM",
  "icocalendartoday": "ICT",
  "ibtc": "IBTC",
  "bitcoinx": "BCX",
  "cfun": "CFUN",
  "purex": "PUREX",
  "playercoin": "PLACO",
  "coinonat": "CXT",
  "crevacoin": "CREVA",
  "printex": "PRTX",
  "uralscoin": "URALS",
  "rhenium": "XRH",
  "levocoin": "LEVO",
  "songcoin": "SONG",
  "brat": "BRAT",
  "folmcoin": "FLM",
  "staker": "STR",
  "claymore": "CLM",
  "litecointoken": "LTK",
  "concoin": "CONX",
  "oceanlab": "OCL",
  "projectx": "NANOX",
  "ourcoin": "OUR",
  "ponzicoin": "PONZI",
  "eryllium": "ERY",
  "acre": "ACRE",
  "saveandgain": "SANDG",
  "xchange": "XCG",
  "magnum": "MGM",
  "coimatic3": "CTIC3",
  "anarchistsprime": "ACP",
  "interzone": "ITZ",
  "graphcoin": "GRPH",
  "qyno": "QNO",
  "dietbitcoin": "DDX",
  "posscoin": "POSS",
  "smartfox": "FOX",
  "blacercoin": "BLCR",
  "argus": "ARGUS",
  "mfitcoin": "MFIT",
  "jiyoold": "JIYO",
  "harmonycoinhmc": "HMC",
  "shadetoken": "SHADE",
  "cjs": "CJS",
  "okb": "OKB",
  "algorand": "ALGO",
  "digifinextoken": "DFT",
  "tigercash": "TCH",
  "vdimension": "VOLLAR",
  "bitmaxtoken": "BTMX",
  "usdk": "USDK",
  "b91": "B91",
  "bqt": "BQTX",
  "contentos": "COS",
  "coni": "CONI",
  "winktronbet": "WIN",
  "blockcloud": "BLOC",
  "wirextoken": "WXT",
  "ontologygas": "ONG",
  "chromia": "CHR",
  "shinechain": "SHE",
  "carry": "CRE",
  "fairgame": "FAIR",
  "dexterg": "DXG",
  "yottachain": "YTA",
  "filecoin": "FIL",
  "jarvis": "JAR",
  "quickxprotocol": "QCX",
  "promotioncoin": "PC",
  "axe": "AXE",
  "bumo": "BU",
  "cnns": "CNNS",
  "wintoken": "WIN",
  "dexter": "DXR",
  "aidoskuneen": "ADK",
  "foin": "FOIN",
  "educoin": "EDU",
  "agrocoin": "AGRO",
  "drep": "DREP",
  "glitzkoin": "GTN",
  "superzero": "SERO",
  "huobipooltoken": "HPT",
  "oceanextoken": "OCE",
  "vindaxcoin": "VD",
  "pivottoken": "PVT",
  "linktoken": "LTK",
  "investdigital": "IDT",
  "polkadotiou": "DOT",
  "duonetworktoken": "DUO",
  "boom": "BOOM",
  "know": "KNOW",
  "youcoin": "YOU",
  "bilaxytoken": "BIA",
  "mindol": "MIN",
  "baerchain": "BRC",
  "arpachain": "ARPA",
  "beldex": "BDX",
  "vethortoken": "VTHO",
  "smartup": "SMARTUP",
  "noianetwork": "NOIA",
  "iotw": "IOTW",
  "molecularfuture": "MOF",
  "tratok": "TRAT",
  "fnbprotocol": "FNB",
  "topchain": "TOPC",
  "dapptoken": "DAPPT",
  "asgard": "ASG",
  "chainx": "PCX",
  "fatcoin": "FAT",
  "terra": "LUNA",
  "bitexglobalxbxcoin": "XBX",
  "starchain": "STC",
  "oasiscity": "OSC",
  "akropolis": "AKRO",
  "whentoken": "WHEN",
  "playcoin": "PLY",
  "levolution": "LEVL",
  "gosama": "GOS",
  "tcoin": "TCN",
  "alphacon": "ALP",
  "yuanchaincoin": "YCC",
  "gowithmi": "GMAT",
  "trias": "TRY",
  "xenoverse": "XENO",
  "mytoken": "MT",
  "safe": "SAFE",
  "gamestars": "GST",
  "magiccubecoin": "MCC",
  "lightchain": "LIGHT",
  "thingsoperatingsystem": "TOS",
  "coinextoken": "CET",
  "exchangeunion": "XUC",
  "beekan": "BKBT",
  "ubiquechainofthings": "UCT",
  "phv": "PHV",
  "jewel": "JWL",
  "coinmeet": "MEET",
  "themis": "GET",
  "engine": "EGCC",
  "m2o": "M2O",
  "youlivecoin": "UC",
  "dipnet": "DPN",
  "futurepia": "PIA",
  "weth": "WETH",
  "iou": "IOUX",
  "palletone": "PTN",
  "rsksmartbitcoin": "RBTC",
  "swace": "SWACE",
  "bigbanggamecoin": "BBGC",
  "spinprotocol": "SPIN",
  "bituptoken": "BUT",
  "ofcoin": "OF",
  "sparkle": "SPRKL",
  "bosagora": "BOA",
  "tos": "TOSC",
  "izichain": "IZI",
  "nnbtoken": "NNB",
  "key": "KEY",
  "thorenext": "THX",
  "unitedbitcoin": "UBTC",
  "muzika": "MZK",
  "influencechain": "INC",
  "coinealtoken": "NEAL",
  "opennity": "OPNN",
  "hitchain": "HIT",
  "dacc": "DACC",
  "intelligentinvestmentchain": "IIC",
  "wrappedbitcoin": "WBTC",
  "futurocoin": "FTO",
  "bitcoinbep2": "BTCB",
  "elacoin": "ELAC",
  "coindom": "CCC",
  "consentium": "CSM",
  "touchcon": "TOC",
  "aunite": "AUNIT",
  "superbitcoin": "SBTC",
  "forceprotocol": "FOR",
  "veridocglobal": "VDG",
  "chex": "CHEX",
  "electronicenergycoin": "E2C",
  "ddkoin": "DDK",
  "asianfintech": "AFIN",
  "cybereits": "CRE",
  "brz": "BRZ",
  "sopay": "SOP",
  "trustverse": "TRV",
  "atlastoken": "ATLS",
  "fundtoken": "FUNDZ",
  "gamb": "GMB",
  "blockchainquotationsindextoken": "BQT",
  "esportstoken": "EST",
  "insurchain": "INSUR",
  "mgctoken": "MGC",
  "diruna": "DRA",
  "fleta": "FLETA",
  "tivalue": "TV",
  "mastercontracttoken": "MCT",
  "experiencetoken": "EXT",
  "webntoken": "WEBN",
  "carblock": "CAR",
  "bankera": "BNK",
  "sportandleisure": "SNL",
  "livepeer": "LPT",
  "sealblocktoken": "SKT",
  "helpico": "HELP",
  "prometeus": "PROM",
  "mex": "MEX",
  "zerobank": "ZB",
  "thorchain": "RUNE",
  "volumenetwork": "VOL",
  "endorsit": "EDS",
  "celsius": "CEL",
  "uranus": "URAC",
  "carat": "CARAT",
  "show": "SHOW",
  "conun": "CON",
  "globalvillageecosystem": "GVE",
  "themidastouchgold": "TMTG",
  "dragoncoins": "DRG",
  "dws": "DWS",
  "medibit": "MEDIBIT",
  "buddy": "BUD",
  "usechaintoken": "USE",
  "translatemenetworktoken": "TMN",
  "sdusd": "SDUSD",
  "agorastokens": "AGRS",
  "cmitcoin": "CMIT",
  "seer": "SEER",
  "birdchain": "BIRD",
  "bitsdaq": "BQQQ",
  "msd": "MSD",
  "levelapptoken": "LVL",
  "tcash": "TCASH",
  "read": "READ",
  "bora": "BORA",
  "venjocoin": "VJC",
  "lemochain": "LEMO",
  "commercedataconnection": "CDC",
  "blockcdn": "BCDN",
  "hdac": "HDAC",
  "airlineandlifenetworkingtoken": "ALLN",
  "romtoken": "ROM",
  "xtock": "XTX",
  "volt": "ACDC",
  "lnxprotocol": "LNX",
  "carlivechain": "IOV",
  "uptrennd": "1UP",
  "bitceo": "BCEO",
  "otcbtctoken": "OTB",
  "infinityeconomics": "XIN",
  "hottoken": "HOT",
  "evacash": "EVC",
  "ethplode": "ETHPLO",
  "noizchain": "NOIZ",
  "membrana": "MBN",
  "blockmasonlink": "BLINK",
  "cryptofranc": "XCHF",
  "blockburn": "BURN",
  "mcashchain": "MCASH",
  "binancegbpstablecoin": "BGBP",
  "bitcoinfile": "BIFI",
  "gsenetwork": "GSE",
  "alluva": "ALV",
  "generalattentioncurrency": "XAC",
  "messetoken": "MESSE",
  "centercoin": "CENT",
  "vsportcoin": "VSC",
  "pixiecoin": "PXC",
  "hirego": "HGO",
  "horyoutoken": "HYT",
  "p2pglobalnetwork": "P2PX",
  "ultra": "UOS",
  "qusd": "QUSD",
  "pdata": "PDATA",
  "future1coin": "F1C",
  "1x2coin": "1X2",
  "goldentoken": "GOLD",
  "monerov": "XMV",
  "infinitecoin": "IFC",
  "devault": "DVT",
  "merebel": "MERI",
  "elitium": "EUM",
  "netrum": "NTR",
  "comsaxem": "CMS",
  "sociallendingtoken": "SLT",
  "aryacoin": "AYA",
  "moneroclassic": "XMC",
  "newstoken": "NEWOS",
  "jinbitoken": "JNB",
  "asuracoin": "ASA",
  "buckhathcoin": "BHIG",
  "eosdt": "EOSDT",
  "countinghouse": "CHT",
  "comsaeth": "CMS",
  "stellargold": "XLMG",
  "wincoin": "WC",
  "orsgroup": "ORS",
  "qube": "QUBE",
  "marginless": "MRS",
  "valuto": "VLU",
  "huddl": "HUDDL",
  "bidoohdoohtoken": "DOOH",
  "cryptoharborexchange": "CHE",
  "rocketpool": "RPL",
  "stockchain": "SCC",
  "npcoin": "NPC",
  "wpptoken": "WPP",
  "terranova": "TER",
  "spectrumcash": "XSM",
  "mayapreferred223": "MAPR",
  "eostrust": "EOST",
  "encryptoteleth": "ETT",
  "firstbitcoin": "BIT",
  "bitcoingod": "GOD",
  "goldrewardtoken": "GRX",
  "jingtumtech": "SWTC",
  "sexcoin": "SXC",
  "cottoncoin": "COTN",
  "goldfund": "GFUN",
  "tagz": "TAGZ",
  "gamechain": "GCS",
  "eosblack": "BLACK",
  "zenon": "ZNN",
  "cedexcoin": "CEDEX",
  "innovaminex": "MINX",
  "mobilinktoken": "MOLK",
  "clubcoin": "CLUB",
  "mobilecryptopaycoin": "MCPC",
  "haracoin": "HRC",
  "bitstash": "STASH",
  "xtrd": "XTRD",
  "cashpayztoken": "CPC",
  "bastonet": "BSN",
  "btcmoon": "BTCM",
  "namcoin": "NAM",
  "bzedge": "BZE",
  "hilux": "HLX",
  "bizkey": "BZKY",
  "ethereumlite": "ELITE",
  "superedge": "ECT",
  "tronipay": "TRP",
  "plusonecoin": "PLUS1",
  "twinkle": "TKT",
  "hyperpay": "HPY",
  "emaratcoin": "AEC",
  "savenode": "SNO",
  "gamblica": "GMBC",
  "shopzcoin": "SZC",
  "wikitoken": "WIKI",
  "oculor": "OCUL",
  "onedex": "ODEX",
  "trunkcoin": "TRO",
  "quotient": "XQN",
  "bingofun": "777",
  "robocalls": "RC20",
  "infinipay": "IFP",
  "blakestar": "ERA",
  "hero": "HERO",
  "storjcoinx": "SJCX",
  "proudmoney": "PROUD",
  "ordocoin": "RDC",
  "hondaiscoin": "HNDC",
  "kingxchain": "KXC",
  "coinmetrotoken": "XCM",
  "betacoin": "BET",
  "rabbitcoin": "RBBT",
  "bubble": "BUB",
  "axiom": "AXIOM",
  "avatarcoin": "AV",
  "francs": "FRN",
  "aces": "ACES",
  "tellurion": "TELL",
  "dynamiccoin": "DMC",
  "pabyosicoinspecial": "PCS",
  "blazercoin": "BLAZR",
  "halloweencoin": "HALLO",
  "embercoin": "EMB",
  "birds": "BIRDS",
  "minex": "MINEX",
  "wink": "WINK",
  "sigmacoin": "SIGMA",
  "movingcloudcoin": "MCC",
  "iquant": "IQT",
  "dutchcoin": "DUTCH",
  "segwit2x": "B2X",
  "runners": "RUNNERS",
  "contentandadnetwork": "CAN",
  "maggie": "MAG",
  "oceanchain": "OC",
  "valuechain": "VLC",
  "acchain": "ACC",
  "animationvisioncash": "AVH",
  "superiorcoin": "SUP",
  "ckusd": "CKUSD",
  "lendroidsupporttoken": "LST",
  "snipcoin": "SNIP",
  "budbo": "BUBO",
  "cropcoin": "CROP",
  "contractnet": "CNET",
  "salpay": "SAL",
  "ftoken": "FT",
  "wetoken": "WT",
  "excaliburcoin": "EXC",
  "escrowcoin": "ESCO",
  "ultrasalescoud": "UST",
  "atlantisbluedigitaltoken": "ABDT",
  "bingocoin": "BOC",
  "paydaycoin": "PDX",
  "pecunio": "PCO",
  "obitanchain": "OBTC",
  "hybridblock": "HYB",
  "alttex": "ALTX",
  "rrcoin": "RRC",
  "yuki": "YUKI",
  "centaure": "CEN",
  "abcctoken": "AT",
  "gazecoin": "GZE",
  "cryptoimprovementfund": "CIF",
  "coin2play": "C2P",
  "digitalassetexchangetoken": "DAXT",
  "elliotcoin": "ELLI",
  "carinet": "CIT",
  "conciergecoin": "CCC",
  "allcoin": "ALC",
  "cobrabytes": "COBRA",
  "ztcoin": "ZT",
  "dragontoken": "DT",
  "capdaxtoken": "XCD",
  "bgogotoken": "BGG",
  "tokok": "TOK",
  "bolttcoin": "BOLTT",
  "cryptoinvest": "CTT",
  "ooobtctoken": "OBX",
  "goldenfever": "GFR",
  "utemis": "UTS",
  "dexon": "DXN",
  "hellenicnode": "HN",
  "peos": "PEOS",
  "gratz": "GRAT",
  "toqqn": "TQN",
  "luckyblocknetwork": "LBN",
  "webflixtoken": "WFX",
  "emanate": "EMT",
  "tratin": "TRAT",
  "sparkster": "SPRK",
  "ubricoin": "UBN",
  "unicoin": "UNI",
  "coinchase": "CCH",
  "delizia": "DELIZ",
  "labhcoin": "LABH",
  "wxcoins": "WXC",
  "civitas": "CIV",
  "x12coin": "X12",
  "giga": "XG",
  "cardbuyers": "BCARD",
  "helpersearchtoken": "HSN",
  "argoneum": "AGM",
  "asofe": "ASF",
  "callisto": "CLO",
  "dubaicoin": "DBIX",
  "electronero": "ETNX",
  "folm": "FLM",
  "gravium": "GRV",
  "hanacoin": "HANA",
  "heptacoin": "HEPTA",
  "litecoinz": "LTZ",
  "motion": "XMN",
  "spider": "SPDR",
  "myriadcoin": "XMY",
  "zano": "ZANO"
}
