﻿{"Probability":100,"Wallets":{"2Miners":{"XZC":"aKwe2NiNbF12xJ5Ayg8Znu3wLWi6ixJFJn","Worker":"mpx","DataWindow":"estimate_current","Penalty":18,"SSL":false},"Ethermine":{"ETC":"0x7f3E62e5bb0601bA52f0813Cb818279f40aB14BC","Worker":"mpx","DataWindow":"estimate_current","Penalty":0,"SSL":false},"MoneroOcean":{"XMR":"44UDqzf5aGZa5tis2BgJ3zLGhMttoQjPu1F5L1VtZGnAbKBao8h6enX1d9eop5p4HAPUv2xM4aLQjYy7cH1E1AnFSWmgNWQ","Worker":"mpx","DataWindow":"estimate_current","Password":"x","Penalty":0,"ExcludeAlgorithm":"Cuckaroo29s","SSL":false},"NiceHash":{"BTC":"3PfUUT1Tknfyd4SnYrEwwpUEAQEzWd2BuD","Worker":"mpx","DataWindow":"estimate_current","Penalty":0,"Platform":"v2","MaximumMarginOfError":"0","SSL":false},"MiningPoolHub":{"Worker":"mpx","User":"rbm","API_ID":"422496","API_Key":"ef4f18b4f48d5964c5f426b90424d088c156ce0cd0aa0b9884893cabf6be350e","DataWindow":"estimate_current","Penalty":12,"Algorithm":["monero","skein","myriadgroestl"],"SSL":false},"ProHashing":{"Worker":"mpx","User":"rbm","StatAverageStable":"Day","Penalty":0,"AECurrency":"LTC","SSL":false},"ZergPool":{"BTC":"3DxRETpBoXKrEBQxFb2HsPmG6apxHmKmUx","Worker":"mpx","DataWindow":"estimate_current","Penalty":12,"SSL":false},"ZergPoolCoins":{"BTC":"3DxRETpBoXKrEBQxFb2HsPmG6apxHmKmUx","Worker":"mpx","DataWindow":"estimate_current","Penalty":12,"CoinSymbol":"","SSL":false},"ZergPoolSolo":{"BTC":"3DxRETpBoXKrEBQxFb2HsPmG6apxHmKmUx","Worker":"mpx","DataWindow":"estimate_current","Penalty":12,"Algorithm":"m7m","SSL":false},"Default":{"BTC":"3DxRETpBoXKrEBQxFb2HsPmG6apxHmKmUx","Worker":"mpx","User":"rbm","DataWindow":"estimate_current","Penalty":16,"SSL":false}},"Pools":["Nicehash","ZergPoolCoins","Ethermine","MoneroOcean","ProHashing"],"Algorithm":[],"ExcludeMinerName":["GrinGoldMiner","GrinProMiner","NinjaRig","SwapMiner"]}
