{
	"Asia": ["HongKong", "SoutheastAsia", "India", "Taiwan", "Japan"],
    "Australia": ["SoutheastAsia", "US", "HongKong", "Japan", "India"],
	"Canada": ["US", "USEast", "USCentral", "USNorthWest", "USWest"],
	"CentralEurope": ["Germany","UK", "NorthernEurope", "US", "USEast", "Canada", "WesternAsia", "SoutheastAsia", "USCentral", "USNorthWest", "USWest"],
    "Germany": ["CentralEurope","UK", "NorthernEurope", "US", "USEast", "Canada", "WesternAsia", "SoutheastAsia", "USCentral", "USNorthWest", "USWest"],
    "HongKong": ["SoutheastAsia","Asia","India","Japan"],
    "India": ["SoutheastAsia","HongKong","Japan","Asia"],
	"Japan": ["Korea","Taiwan", "HongKong", "Asia", "SoutheastAsia", "India"],
    "Korea": ["Japan","Taiwan", "HongKong", "Asia", "SoutheastAsia", "India"],
    "NorthernEurope": ["UK", "CentralEurope", "Germany", "US", "USEast", "Canada", "WesternAsia", "SoutheastAsia", "USCentral", "USNorthWest", "USWest"],
	"Russia": ["WesternAsia", "Asia", "CentralEurope", "SoutheastAsia"],
	"SouthAmerica": ["USSouth", "US", "USEast", "USCentral", "USWest", "Canada", "USNorthWest"],
	"SoutheastAsia": ["HongKong", "India", "Japan", "Asia"],
    "Taiwan": ["HongKong", "SoutheastAsia", "Asia", "India"],
    "UK": ["CentralEurope", "Germany", "NorthernEurope", "US", "USEast", "Canada", "SoutheastAsia", "USCentral", "USNorthWest", "USWest"],
    "US": ["USCentral", "USWest", "USNorthWest", "USEast", "Canada"],
    "USCentral": ["US", "USEast", "USWest", "USNorthWest", "Canada"],
	"USEast": ["US", "Canada", "USCentral", "USWest", "USNorthWest"],
    "USNorthWest": ["USWest", "US", "USCentral", "USEast", "Canada"],
    "USSouth": ["US", "USCentral", "USEast", "USWest", "SouthAmerica", "USNorthWest", "Canada"],
	"USWest": ["USNorthWest", "US", "USCentral", "USEast", "Canada"],
    "WesternAsia": ["Russia", "Asia", "CentralEurope", "HongKong", "India"]
}