{
  "Algorithms": [
    "Blake2b",
    "BlakeCoin",
    "BlakeVanilla",
    "Cryptolight",
    "Cryptonight",
    "CryptonightV7",
    "Curvehash",
    "Decred",
    "Keccak",
    "KeccakC",
    "Lbry",
    "Lyra2RE",
    "Lyra2RE2",
    "Lyra2z",
    "MyriadGroestl",
    "Nist5",
    "Quark",
    "Qubit",
    "Scrypt",
    "SHA256d",
    "SHA256t",
    "Sib",
    "X11",
    "X13",
    "X14",
    "X15"
  ],
  "Coins": [
    "CURVE"
  ],
  "Pools": {
    "MiningPoolHub": {
      "Coins": [
        "ZCL"
      ]
    },
    "MiningPoolHubCoins": {
      "Coins": [
        "ZCL"
      ]
    },
    "ZergPool": {
      "Algorithms": [
        "RandomX"
      ]
    },
    "ZergPoolCoins": {
      "Algorithms": [],
      "Coins": [
        "BTG",
        "ESP",
        "ETH",
        "XMR",
        "XGCS"
      ]
    }
  }
}
