[
    {
        "symbol":  "AE",
        "match":  "^ak_",
        "rpc":  "http://www.aeknow.org/api/account/{w}",
        "address":  "id",
        "balance":  "balance",
        "received":  "",
        "divisor":  1E+18
    },
    {
        "symbol":  "BCH",
        "match":  "^[1q]",
        "rpc":  "https://api.blockchair.com/bitcoin-cash/dashboards/address/{w}",
        "address":  "data.{w}.address.legacy",
        "balance":  "data.{w}.address.balance",
        "received":  "data.{w}.address.received",
        "divisor":  100000000,
        "verify":  "context.code",
        "verify_value":  "200"
    },
    {
        "symbol":  "BTG",
        "match":  "^G",
        "rpc":  "https://btgexplorer.com/api/v2/address/{w}?details=basic",
        "address":  "address",
        "balance":  "balance",
        "received":  "totalReceived",
        "divisor":  100000000
    },
    {
        "symbol":  "CRO",
        "match":  "^cro",
        "rpc":  "https://crypto.org/explorer/api/v1/accounts/{w}",
        "address":  "result.address",
        "balance":  "data.result.totalBalance[denom=basecro].amount",
        "received":  "",
        "divisor":  100000000
    },
    {
        "symbol":  "DASH",
        "match":  "^X",
        "rpc":  "https://api.blockcypher.com/v1/dash/main/addrs/{w}",
        "address":  "address",
        "balance":  "balance",
        "received":  "total_received",
        "divisor":  100000000
    },
    {
        "symbol":  "DGB",
        "match":  "^D",
        "rpc":  "https://digibyteblockexplorer.com/api/v2/address/{w}?details=basic",
        "address":  "address",
        "balance":  "balance",
        "received":  "totalReceived",
        "divisor":  100000000
    },
    {
        "symbol":  "DOGE",
        "match":  "^D",
        "rpc":  "https://api.blockcypher.com/v1/doge/main/addrs/{w}",
        "address":  "address",
        "balance":  "balance",
        "received":  "total_received",
        "divisor":  100000000
    },
    {
        "symbol":  "DOT",
        "match":  "^1",
        "rpc":  "https://explorer-32.polkascan.io/api/v1/polkadot/account/{w}",
        "address":  "data.attributes.address",
        "balance":  "data.attributes.balance_total",
        "received":  "",
        "divisor":  10000000000,
        "verify":  "data.type",
        "verify_value":  "account"
    },
    {
        "symbol":  "ETH",
        "match":  "^0x",
        "rpc":  "https://api.blockcypher.com/v1/eth/main/addrs/{w}",
        "address":  "address",
        "balance":  "balance",
        "received":  "total_received",
        "divisor":  1E+18
    },
    {
        "symbol":  "FIRO",
        "match":  "^[aZ]",
        "rpc":  "https://explorer.zcoin.io/insight-api-zcoin/addr/{w}/?noTxList=1",
        "address":  "addrStr",
        "balance":  "balance",
        "received":  "totalReceived",
        "divisor":  1
    },
    {
        "symbol":  "KMD",
        "match":  "^R",
        "rpc":  "https://komodoblockexplorer.com/api/v2/address/{w}?details=basic",
        "address":  "address",
        "balance":  "balance",
        "received":  "totalReceived",
        "divisor":  100000000
    },
    {
        "symbol":  "LCC",
        "match":  "^C|^MATH",
        "rpc":  "https://chainz.cryptoid.info/lcc/api.dws?q=addressinfo&a={w}",
        "address":  "address",
        "balance":  "balance",
        "received":  "",
        "divisor":  1,
        "verify":  "status",
        "verify_value":  "success"
    },
    {
        "symbol":  "LTC",
        "match":  "^[LM3]",
        "rpc":  "https://sochain.com/api/v2/get_address_balance/ltc/{w}",
        "address":  "data.address",
        "balance":  "data.confirmed_balance",
        "received":  "",
        "divisor":  1,
        "verify":  "status",
        "verify_value":  "success"
    },
    {
        "symbol":  "QTUM",
        "match":  "^Q",
        "rpc":  "https://qtumblockexplorer.com/api/v2/address/{w}?details=basic",
        "address":  "address",
        "balance":  "balance",
        "received":  "totalReceived",
        "divisor":  100000000
    },
    {
        "symbol":  "RVN",
        "match":  "^R",
        "rpc":  "https://ravencoin.network/api/addr/{w}/?noTxList=1",
        "address":  "addrStr",
        "balance":  "balance",
        "received":  "totalReceived",
        "divisor":  1
    },
    {
        "symbol":  "SAFE",
        "match":  "^R",
        "rpc":  "https://explorer.safecoin.org/api/addr/{w}/?noTxList=1",
        "address":  "addrStr",
        "balance":  "balance",
        "received":  "totalReceived",
        "divisor":  1
    },
    {
        "symbol":  "SIN",
        "match":  "^S",
        "rpc":  "https://blockbook.sinovate.io/api/v2/address/{w}?details=basic",
        "address":  "address",
        "balance":  "balance",
        "received":  "totalReceived",
        "divisor":  100000000
    },
    {
        "symbol":  "VRSC",
        "match":  "^R",
        "rpc":  "https://explorer.verus.io/ext/getaddress/{w}",
        "address":  "address",
        "balance":  "balance",
        "received":  "received",
        "divisor":  1
    },
    {
        "symbol":  "VTC",
        "match":  "^V",
        "rpc":  "https://vtcblocks.com/api/v2/address/{w}?details=basic",
        "address":  "address",
        "balance":  "balance",
        "received":  "totalReceived",
        "divisor":  100000000
    },
    {
        "symbol":  "XLM",
        "match":  "^G",
        "rpc":  "https://horizon.stellar.org/accounts/{w}",
        "address":  "id",
        "balance":  "balances",
        "received":  "",
        "divisor":  1
    },
    {
        "symbol":  "XRP",
        "match":  "^r",
        "rpc":  "https://api.xrpscan.com/api/v1/account/{w}",
        "address":  "account",
        "balance":  "xrpBalance",
        "received":  "",
        "divisor":  1
    },
    {
        "symbol":  "XTZ",
        "match":  "^tz",
        "rpc":  "https://api.tzkt.io/v1/accounts/{w}",
        "address":  "address",
        "balance":  "balance",
        "received":  "",
        "divisor":  1000000
    },
    {
        "symbol":  "XVG",
        "match":  "^D",
        "rpc":  "https://xvgblockexplorer.com/api/v2/address/{w}?details=basic",
        "address":  "address",
        "balance":  "balance",
        "received":  "totalReceived",
        "divisor":  100000000
    },
    {
        "symbol":  "YEC",
        "match":  "^s1",
        "rpc":  "https://yecblockexplorer.com/api/v2/address/{w}?details=basic",
        "address":  "address",
        "balance":  "balance",
        "received":  "totalReceived",
        "divisor":  100000000
    },
    {
        "symbol":  "YTN",
        "match":  "^Y",
        "rpc":  "http://ytn.ccore.online/ext/getaddress/{w}",
        "address":  "address",
        "balance":  "balance",
        "received":  "received",
        "divisor":  1
    },
    {
        "symbol":  "ZEC",
        "match":  "^t",
        "rpc":  "https://api.zcha.in/v2/mainnet/accounts/{w}",
        "address":  "address",
        "balance":  "balance",
        "received":  "totalRecv",
        "divisor":  1
    }
]
